Sl.No.,District _Name,Taluk_Name,Village_Name,Name_of_Monuments,,,,,,,,,,,,,,,,,,,,,,,,,,,,,,,,,,,,,,,,,,,,,,,,,,,,,,,,,,,,,,,,,,
1,CHITRADURGA,HIRIYURU,BHARAMAGIRI,TRISANKESHWARA TEMPLES.,,,,,,,,,,,,,,,,,,,,,,,,,,,,,,,,,,,,,,,,,,,,,,,,,,,,,,,,,,,,,,,,,,
2,CHITRADURGA,CHALLAKERE,SIDDAPURA,JAIN BASADI,,,,,,,,,,,,,,,,,,,,,,,,,,,,,,,,,,,,,,,,,,,,,,,,,,,,,,,,,,,,,,,,,,
3,CHITRADURGA,CHALLAKERE,CHALLAKERE (RURAL),ROCK-CUT TEMPLE.,,,,,,,,,,,,,,,,,,,,,,,,,,,,,,,,,,,,,,,,,,,,,,,,,,,,,,,,,,,,,,,,,,
4,CHITRADURGA,CHITRADURGA,SIDDAPURA,"RANGAYYANA BAGILU, FORT GATE.",,,,,,,,,,,,,,,,,,,,,,,,,,,,,,,,,,,,,,,,,,,,,,,,,,,,,,,,,,,,,,,,,,
5,CHITRADURGA,CHITRADURGA,HEGGERE,UCHANGI YALLAMMA TEMPLE ,,,,,,,,,,,,,,,,,,,,,,,,,,,,,,,,,,,,,,,,,,,,,,,,,,,,,,,,,,,,,,,,,,
6,CHITRADURGA,CHITRADURGA,RAMADURGA,LAKSHMINARASIMHA TEMPLE.,,,,,,,,,,,,,,,,,,,,,,,,,,,,,,,,,,,,,,,,,,,,,,,,,,,,,,,,,,,,,,,,,,
7,CHITRADURGA,HOLALKERE,HORAKEREDEVARAPURA,CHANNAKESHAVA TEMPLE.,,,,,,,,,,,,,,,,,,,,,,,,,,,,,,,,,,,,,,,,,,,,,,,,,,,,,,,,,,,,,,,,,,
8,CHITRADURGA,HOSDURGA,BAGUR,SIDDESHWARA TEMPLE.,,,,,,,,,,,,,,,,,,,,,,,,,,,,,,,,,,,,,,,,,,,,,,,,,,,,,,,,,,,,,,,,,,
9,CHITRADURGA,HOSDURGA,HOSADURGA,SIDDESHWARA TEMPLE.,,,,,,,,,,,,,,,,,,,,,,,,,,,,,,,,,,,,,,,,,,,,,,,,,,,,,,,,,,,,,,,,,,
10,BENGALURU URBAN,BENGALURU SOUTH,BENGALURU,BASAVESHWARA TEMPLE,,,,,,,,,,,,,,,,,,,,,,,,,,,,,,,,,,,,,,,,,,,,,,,,,,,,,,,,,,,,,,,,,,
11,BENGALURU URBAN,BENGALURU SOUTH,BENGALURU,BOWRING INSTITUTE,,,,,,,,,,,,,,,,,,,,,,,,,,,,,,,,,,,,,,,,,,,,,,,,,,,,,,,,,,,,,,,,,,
12,BENGALURU URBAN,BENGALURU SOUTH,BENGALURU,GAVI GANGADHARESHWARA TEMPLE,,,,,,,,,,,,,,,,,,,,,,,,,,,,,,,,,,,,,,,,,,,,,,,,,,,,,,,,,,,,,,,,,,
13,BENGALURU URBAN,BENGALURU SOUTH,BENGALURU,KEMPEGOWDA’S WATCH TOWERS (4NO.),,,,,,,,,,,,,,,,,,,,,,,,,,,,,,,,,,,,,,,,,,,,,,,,,,,,,,,,,,,,,,,,,,
14,BENGALURU URBAN,BENGALURU SOUTH,BENGALURU,MALLIKARJUNA TEMPLE AND BOULDER INSCRIPTIONS.,,,,,,,,,,,,,,,,,,,,,,,,,,,,,,,,,,,,,,,,,,,,,,,,,,,,,,,,,,,,,,,,,,
15,BENGALURU URBAN,BENGALURU SOUTH,BENGALURU,VENKATARAMANASWAMY TEMPLE,,,,,,,,,,,,,,,,,,,,,,,,,,,,,,,,,,,,,,,,,,,,,,,,,,,,,,,,,,,,,,,,,,
16,BENGALURU URBAN,BENGALURU SOUTH,BEGURU,NAGARESWHARA AND  TEMPLE COMPLEX,,,,,,,,,,,,,,,,,,,,,,,,,,,,,,,,,,,,,,,,,,,,,,,,,,,,,,,,,,,,,,,,,,
17,RAMANAGARA,CHANNAPATNA,ABBUR,KUNDAPURASWAMY BRINDAVAN,,,,,,,,,,,,,,,,,,,,,,,,,,,,,,,,,,,,,,,,,,,,,,,,,,,,,,,,,,,,,,,,,,
18,RAMANAGARA,CHANNAPATNA,RAMANAGARA,"AKKALSHAH KHADRI DARGA, MAKHAN, TOMB OF HYDER’S PRIEST.",,,,,,,,,,,,,,,,,,,,,,,,,,,,,,,,,,,,,,,,,,,,,,,,,,,,,,,,,,,,,,,,,,
19,RAMANAGARA,CHANNAPATNA,HONNIGANAHALLI,SYED IBRAHIM’S TOMB,,,,,,,,,,,,,,,,,,,,,,,,,,,,,,,,,,,,,,,,,,,,,,,,,,,,,,,,,,,,,,,,,,
20,RAMANAGARA,CHANNAPATNA,KUDLUR,RAMADEVARU  SITADEVI TEMPLE.,,,,,,,,,,,,,,,,,,,,,,,,,,,,,,,,,,,,,,,,,,,,,,,,,,,,,,,,,,,,,,,,,,
21,RAMANAGARA,CHANNAPATNA,RAMANAGARA,APRAMEYASWAMY  TEMPLE.,,,,,,,,,,,,,,,,,,,,,,,,,,,,,,,,,,,,,,,,,,,,,,,,,,,,,,,,,,,,,,,,,,
22,RAMANAGARA,CHANNAPATNA,MALUR,JAKKSESHWARA TEMPLE.,,,,,,,,,,,,,,,,,,,,,,,,,,,,,,,,,,,,,,,,,,,,,,,,,,,,,,,,,,,,,,,,,,
23,RAMANAGARA,CHANNAPATNA,RAMANAGARA,AGASTEEWARA TEMPLE,,,,,,,,,,,,,,,,,,,,,,,,,,,,,,,,,,,,,,,,,,,,,,,,,,,,,,,,,,,,,,,,,,
24,RAMANAGARA,CHANNAPATNA,MALURPATNA,NARAYANASWAMY TEMPLE.,,,,,,,,,,,,,,,,,,,,,,,,,,,,,,,,,,,,,,,,,,,,,,,,,,,,,,,,,,,,,,,,,,
25,RAMANAGARA,MAGADI,MAGADI (RURAL),MAGADI FORT AND MOAT,,,,,,,,,,,,,,,,,,,,,,,,,,,,,,,,,,,,,,,,,,,,,,,,,,,,,,,,,,,,,,,,,,
26,RAMANAGARA,MAGADI,MAGADI (RURAL),TIRUMALE RANGANATHASWAMY TEMPLE.,,,,,,,,,,,,,,,,,,,,,,,,,,,,,,,,,,,,,,,,,,,,,,,,,,,,,,,,,,,,,,,,,,
27,RAMANAGARA,MAGADI,MAGADI (RURAL),SOMESHWARA TEMPLE ,,,,,,,,,,,,,,,,,,,,,,,,,,,,,,,,,,,,,,,,,,,,,,,,,,,,,,,,,,,,,,,,,,
28,RAMANAGARA,MAGADI,KEMPAPURA,HIRIYA KEMPEGOWDA SAMADHI,,,,,,,,,,,,,,,,,,,,,,,,,,,,,,,,,,,,,,,,,,,,,,,,,,,,,,,,,,,,,,,,,,
29,RAMANAGARA,RAMANAGARA,RAMANAGARA,INSCRIBED PILER  IN MEMORY OF MR. CLOSE ,,,,,,,,,,,,,,,,,,,,,,,,,,,,,,,,,,,,,,,,,,,,,,,,,,,,,,,,,,,,,,,,,,
30,TUMAKURU,CHIKNAYAKANHALLI,HULIYAR (CT),MALLESHWARA TEMPLE.,,,,,,,,,,,,,,,,,,,,,,,,,,,,,,,,,,,,,,,,,,,,,,,,,,,,,,,,,,,,,,,,,,
31,TUMAKURU,CHIKNAYAKANHALLI,SETTIKERE,RANGANATHA TEMPLE.,,,,,,,,,,,,,,,,,,,,,,,,,,,,,,,,,,,,,,,,,,,,,,,,,,,,,,,,,,,,,,,,,,
32,TUMAKURU,CHIKNAYAKANHALLI,SETTIKERE,YOGA-MADHAVA TEMPLE.,,,,,,,,,,,,,,,,,,,,,,,,,,,,,,,,,,,,,,,,,,,,,,,,,,,,,,,,,,,,,,,,,,
33,TUMAKURU,KORATAGERE,DODDAPALANAHALLI,KUMARA RAMASWAMY TEMPLE.,,,,,,,,,,,,,,,,,,,,,,,,,,,,,,,,,,,,,,,,,,,,,,,,,,,,,,,,,,,,,,,,,,
34,TUMAKURU,KUNIGAL,KOLALA,BYATARAYASWAMY TEMPLE.,,,,,,,,,,,,,,,,,,,,,,,,,,,,,,,,,,,,,,,,,,,,,,,,,,,,,,,,,,,,,,,,,,
35,TUMAKURU,KUNIGAL,KUNIGAL (RURAL),PADMESHWARA TEMPLE.,,,,,,,,,,,,,,,,,,,,,,,,,,,,,,,,,,,,,,,,,,,,,,,,,,,,,,,,,,,,,,,,,,
36,TUMAKURU,KUNIGAL,SIBI,NARASIMHA TEMPLE.,,,,,,,,,,,,,,,,,,,,,,,,,,,,,,,,,,,,,,,,,,,,,,,,,,,,,,,,,,,,,,,,,,
37,TUMAKURU,MADHUGIRI,MADHUGIRI (RURAL),MALLESHWARA TEMPLE.,,,,,,,,,,,,,,,,,,,,,,,,,,,,,,,,,,,,,,,,,,,,,,,,,,,,,,,,,,,,,,,,,,
38,TUMAKURU,MADHUGIRI,MADHUGIRI (RURAL),VENKATARAMANA TEMPLE.,,,,,,,,,,,,,,,,,,,,,,,,,,,,,,,,,,,,,,,,,,,,,,,,,,,,,,,,,,,,,,,,,,
39,TUMAKURU,MADHUGIRI,MEDIGESHI,MALLESHWARA TEMPLE.,,,,,,,,,,,,,,,,,,,,,,,,,,,,,,,,,,,,,,,,,,,,,,,,,,,,,,,,,,,,,,,,,,
40,TUMAKURU,MADHUGIRI,MEDIGESHI,VENKATARAMANA TEMPLE.,,,,,,,,,,,,,,,,,,,,,,,,,,,,,,,,,,,,,,,,,,,,,,,,,,,,,,,,,,,,,,,,,,
41,TUMAKURU,SIRA,SIRA (RURAL),FORT AND MOAT,,,,,,,,,,,,,,,,,,,,,,,,,,,,,,,,,,,,,,,,,,,,,,,,,,,,,,,,,,,,,,,,,,
42,TUMAKURU,TIPTUR,ARALAGUPPE,KALLESHWARA TEMPLE.,,,,,,,,,,,,,,,,,,,,,,,,,,,,,,,,,,,,,,,,,,,,,,,,,,,,,,,,,,,,,,,,,,
43,TUMAKURU,TIPTUR,VIGNASANTHE,BALALINGESHWARA TEMPLE.,,,,,,,,,,,,,,,,,,,,,,,,,,,,,,,,,,,,,,,,,,,,,,,,,,,,,,,,,,,,,,,,,,
44,TUMAKURU,TIPTUR,VIGNASANTHE,NARASIMHA TEMPLE.,,,,,,,,,,,,,,,,,,,,,,,,,,,,,,,,,,,,,,,,,,,,,,,,,,,,,,,,,,,,,,,,,,
45,TUMAKURU,TUMAKURU,DEVARAYANADURGA,LAKSHMINARASIMHA TEMPLE,,,,,,,,,,,,,,,,,,,,,,,,,,,,,,,,,,,,,,,,,,,,,,,,,,,,,,,,,,,,,,,,,,
46,TUMAKURU,TUMAKURU,HEBBUR,VARADARAJESWAMY TEMPLE,,,,,,,,,,,,,,,,,,,,,,,,,,,,,,,,,,,,,,,,,,,,,,,,,,,,,,,,,,,,,,,,,,
47,TUMAKURU,TUMAKURU,HIREGUNDAGAL,VIRAGALS.,,,,,,,,,,,,,,,,,,,,,,,,,,,,,,,,,,,,,,,,,,,,,,,,,,,,,,,,,,,,,,,,,,
48,TUMAKURU,TUMAKURU,KAIDALA,CHENNIGARAYA TEMPLE.,,,,,,,,,,,,,,,,,,,,,,,,,,,,,,,,,,,,,,,,,,,,,,,,,,,,,,,,,,,,,,,,,,
49,TUMAKURU,TUMAKURU,KAIDALA,GANGADHARESHWARA TEMPLE.,,,,,,,,,,,,,,,,,,,,,,,,,,,,,,,,,,,,,,,,,,,,,,,,,,,,,,,,,,,,,,,,,,
50,TUMAKURU,TUMAKURU,KESTUR,VEERABHADRA AND CHOKKANATHASWAMY ,,,,,,,,,,,,,,,,,,,,,,,,,,,,,,,,,,,,,,,,,,,,,,,,,,,,,,,,,,,,,,,,,,
51,TUMAKURU,TUMAKURU,KESTUR,CHOKKANATHESWHARA TEMPLE,,,,,,,,,,,,,,,,,,,,,,,,,,,,,,,,,,,,,,,,,,,,,,,,,,,,,,,,,,,,,,,,,,
52,TUMAKURU,TURUVEKERE,HULIKAL,GANGADHARESHWARA TEMPLE.,,,,,,,,,,,,,,,,,,,,,,,,,,,,,,,,,,,,,,,,,,,,,,,,,,,,,,,,,,,,,,,,,,
53,TUMAKURU,TURUVEKERE,TANDAGA,SHANKARESHWARA TEMPLE.,,,,,,,,,,,,,,,,,,,,,,,,,,,,,,,,,,,,,,,,,,,,,,,,,,,,,,,,,,,,,,,,,,
54,TUMAKURU,TURUVEKERE,TANDAGA,CHENNIGARAYA TEMPLE.,,,,,,,,,,,,,,,,,,,,,,,,,,,,,,,,,,,,,,,,,,,,,,,,,,,,,,,,,,,,,,,,,,
55,TUMAKURU,TURUVEKERE,TANDAGA,GANGADHARESHWARA TEMPLE.,,,,,,,,,,,,,,,,,,,,,,,,,,,,,,,,,,,,,,,,,,,,,,,,,,,,,,,,,,,,,,,,,,
56,TUMAKURU,TURUVEKERE,TANDAGA,SHANKARESHWARA TEMPLE.,,,,,,,,,,,,,,,,,,,,,,,,,,,,,,,,,,,,,,,,,,,,,,,,,,,,,,,,,,,,,,,,,,
57,TUMAKURU,CHIKNAYAKANHALLI,KANDIGERE,SHANTHINATHA BASADI ,,,,,,,,,,,,,,,,,,,,,,,,,,,,,,,,,,,,,,,,,,,,,,,,,,,,,,,,,,,,,,,,,,
58,SHIMOGA,BHADRAVATI,BHADRAVATI,LAKSHMINARASIMHA TEMPLE.,,,,,,,,,,,,,,,,,,,,,,,,,,,,,,,,,,,,,,,,,,,,,,,,,,,,,,,,,,,,,,,,,,
59,SHIMOGA,HOSANAGARA,SALAGERI,UMAPATHI TEMPLE.,,,,,,,,,,,,,,,,,,,,,,,,,,,,,,,,,,,,,,,,,,,,,,,,,,,,,,,,,,,,,,,,,,
60,SHIMOGA,HOSANAGARA,HOSANAGARA BOBLI ,BADANURU SHIVAPPANAYAKA AND FAMILYS SAMADIGALU ,,,,,,,,,,,,,,,,,,,,,,,,,,,,,,,,,,,,,,,,,,,,,,,,,,,,,,,,,,,,,,,,,,
61,SHIMOGA,SHIKARPUR, CHICKMAGADI,JAIN BASADI,,,,,,,,,,,,,,,,,,,,,,,,,,,,,,,,,,,,,,,,,,,,,,,,,,,,,,,,,,,,,,,,,,
62,SHIMOGA,SHIKARPUR,NARASAPUR,BASADI,,,,,,,,,,,,,,,,,,,,,,,,,,,,,,,,,,,,,,,,,,,,,,,,,,,,,,,,,,,,,,,,,,
63,SHIMOGA,SHIVAMOGGA,SHIMOGA,BHIMESHWARA SWAMY TEMPLE.,,,,,,,,,,,,,,,,,,,,,,,,,,,,,,,,,,,,,,,,,,,,,,,,,,,,,,,,,,,,,,,,,,
64,SHIMOGA,SHIVAMOGGA,SHIMOGA,KOTE ANJANEYASWAMY  TEMPLE.,,,,,,,,,,,,,,,,,,,,,,,,,,,,,,,,,,,,,,,,,,,,,,,,,,,,,,,,,,,,,,,,,,
65,SHIMOGA,SHIVAMOGGA,SHIMOGA,SHIVAPPA NAYAKA PALACE.,,,,,,,,,,,,,,,,,,,,,,,,,,,,,,,,,,,,,,,,,,,,,,,,,,,,,,,,,,,,,,,,,,
66,SHIMOGA,SORAB,CHITTUR,RAMESHWARA TEMPLE.,,,,,,,,,,,,,,,,,,,,,,,,,,,,,,,,,,,,,,,,,,,,,,,,,,,,,,,,,,,,,,,,,,
67,SHIMOGA,SORAB,PURA,TEMPLES AND INSCRIPTIONS.,,,,,,,,,,,,,,,,,,,,,,,,,,,,,,,,,,,,,,,,,,,,,,,,,,,,,,,,,,,,,,,,,,
68,SHIMOGA,TIRTHAHALLI,DAVANI BAILU MARAGALAKE ,SHRI KAPILESHWARA TEMPLE ,,,,,,,,,,,,,,,,,,,,,,,,,,,,,,,,,,,,,,,,,,,,,,,,,,,,,,,,,,,,,,,,,,
69,Chikkaballapura,Chikkaballapura,Rangasathla,Ranganath Temple,,,,,,,,,,,,,,,,,,,,,,,,,,,,,,,,,,,,,,,,,,,,,,,,,,,,,,,,,,,,,,,,,,
70,Chikkaballapura,Chintamani,Aalangiri,Venkataramanaswamy Temple,,,,,,,,,,,,,,,,,,,,,,,,,,,,,,,,,,,,,,,,,,,,,,,,,,,,,,,,,,,,,,,,,,
71,Chikkaballapura,Gowribidanuru,Kaivara,Bheemeshwara & Nakuleshwara Temples,,,,,,,,,,,,,,,,,,,,,,,,,,,,,,,,,,,,,,,,,,,,,,,,,,,,,,,,,,,,,,,,,,
72,Chikkaballapura,Gowribidanuru,Herebidanuru,Husin Sha Darga,,,,,,,,,,,,,,,,,,,,,,,,,,,,,,,,,,,,,,,,,,,,,,,,,,,,,,,,,,,,,,,,,,
73,Davanagere,Channagiri,Channagiri,Kalleshwaraswamy Temple.,,,,,,,,,,,,,,,,,,,,,,,,,,,,,,,,,,,,,,,,,,,,,,,,,,,,,,,,,,,,,,,,,,
74,Davanagere,Davanagere,Anekonda,Ishwara Temple.,,,,,,,,,,,,,,,,,,,,,,,,,,,,,,,,,,,,,,,,,,,,,,,,,,,,,,,,,,,,,,,,,,
75,Davanagere,Davanagere,Mattigrama,Thimmanna Nayaka’s Tomb.,,,,,,,,,,,,,,,,,,,,,,,,,,,,,,,,,,,,,,,,,,,,,,,,,,,,,,,,,,,,,,,,,,
76,Davanagere,Davanagere,Mayakonda,Raja Madakarinayaka’s Tomb.,,,,,,,,,,,,,,,,,,,,,,,,,,,,,,,,,,,,,,,,,,,,,,,,,,,,,,,,,,,,,,,,,,
77,Davanagere,Davanagere,Nitharathadi,Ranganathaswamy Temple.,,,,,,,,,,,,,,,,,,,,,,,,,,,,,,,,,,,,,,,,,,,,,,,,,,,,,,,,,,,,,,,,,,
78,Davanagere,Harapanahalli,Nitharathadi,Siddeswhara Tenple ,,,,,,,,,,,,,,,,,,,,,,,,,,,,,,,,,,,,,,,,,,,,,,,,,,,,,,,,,,,,,,,,,,
79,Davanagere,Harihar,Nandigudi,Ishwara Temple,,,,,,,,,,,,,,,,,,,,,,,,,,,,,,,,,,,,,,,,,,,,,,,,,,,,,,,,,,,,,,,,,,
80,Davanagere,Harihar,Nanditavare,Ishwara Temple,,,,,,,,,,,,,,,,,,,,,,,,,,,,,,,,,,,,,,,,,,,,,,,,,,,,,,,,,,,,,,,,,,
81,Kolar,   Bangarapet,  Bethamanagala,Vijayendra Temple.,,,,,,,,,,,,,,,,,,,,,,,,,,,,,,,,,,,,,,,,,,,,,,,,,,,,,,,,,,,,,,,,,,
82,Kolar,Chinthanamani,Hunkonda,Venkantaramanaswamy temple,,,,,,,,,,,,,,,,,,,,,,,,,,,,,,,,,,,,,,,,,,,,,,,,,,,,,,,,,,,,,,,,,,
83,Kolar,Chinthanamani,Hunkonda,Amaranarayana Temple (Bheemeshwara & Nakuleshwara temple),,,,,,,,,,,,,,,,,,,,,,,,,,,,,,,,,,,,,,,,,,,,,,,,,,,,,,,,,,,,,,,,,,
84,Kolar,Kolar,Alangiri,Bhara Imam Makan,,,,,,,,,,,,,,,,,,,,,,,,,,,,,,,,,,,,,,,,,,,,,,,,,,,,,,,,,,,,,,,,,,
85,Kolar,Kolar,Kivara,Ishwara Temple,,,,,,,,,,,,,,,,,,,,,,,,,,,,,,,,,,,,,,,,,,,,,,,,,,,,,,,,,,,,,,,,,,
86,Kolar,Kolar,Seethy,Sripathishwara Temple.,,,,,,,,,,,,,,,,,,,,,,,,,,,,,,,,,,,,,,,,,,,,,,,,,,,,,,,,,,,,,,,,,,
87,Kolar,Kolar,Okalegere,Markandeshwara Temple,,,,,,,,,,,,,,,,,,,,,,,,,,,,,,,,,,,,,,,,,,,,,,,,,,,,,,,,,,,,,,,,,,
88,Kolar,Malur,Madivala,Swamyambhuveshwara Temple.,,,,,,,,,,,,,,,,,,,,,,,,,,,,,,,,,,,,,,,,,,,,,,,,,,,,,,,,,,,,,,,,,,
89,Kolar,Mulabhagilu,Devaraja Samudra village,"Garudashayana Big, Garudashayana Small, Agnistomas Huge rock Thope well, Brindavan Adjacent to Thope well, Garabhavi, Mantapa towards western side of Garabhavi, Anjaneyaswamy Temple and Pushkarni.",,,,,,,,,,,,,,,,,,,,,,,,,,,,,,,,,,,,,,,,,,,,,,,,,,,,,,,,,,,,,,,,,,
90,Kolar,Mulabhagilu,Kurudumale,Someshwara Temple and Inscriptions.,,,,,,,,,,,,,,,,,,,,,,,,,,,,,,,,,,,,,,,,,,,,,,,,,,,,,,,,,,,,,,,,,,
91,Kolar,Mulabhagilu,Kurudumale,Vinayaka Temple.,,,,,,,,,,,,,,,,,,,,,,,,,,,,,,,,,,,,,,,,,,,,,,,,,,,,,,,,,,,,,,,,,,
92,Kolar,Mulabhagilu,Mulahagilu,Hydarali Darga.,,,,,,,,,,,,,,,,,,,,,,,,,,,,,,,,,,,,,,,,,,,,,,,,,,,,,,,,,,,,,,,,,,
93,Kolar,Mulabhagilu,Mulahagilu,Srioadarayara Brundavana ,,,,,,,,,,,,,,,,,,,,,,,,,,,,,,,,,,,,,,,,,,,,,,,,,,,,,,,,,,,,,,,,,,
94,Kolar,Mulabhagilu,Mulahagilu,Vittalanarayana Temple.,,,,,,,,,,,,,,,,,,,,,,,,,,,,,,,,,,,,,,,,,,,,,,,,,,,,,,,,,,,,,,,,,,
95,Kolar,Mulabhagilu,Virupakshapura,Ishwara Temple.,,,,,,,,,,,,,,,,,,,,,,,,,,,,,,,,,,,,,,,,,,,,,,,,,,,,,,,,,,,,,,,,,,
96,MANDYA,PANDAVAPURA,THONNUR,VENUGOPALASWAMY TEMPLE.,,,,,,,,,,,,,,,,,,,,,,,,,,,,,,,,,,,,,,,,,,,,,,,,,,,,,,,,,,,,,,,,,,
97,MANDYA,PANDAVAPURA,SHREERANGAPATTNA,KRISHNAMURTHY BUNGALOW.,,,,,,,,,,,,,,,,,,,,,,,,,,,,,,,,,,,,,,,,,,,,,,,,,,,,,,,,,,,,,,,,,,
98,MANDYA,PANDAVAPURA,SHREERANGAPATTNA,MUMUDI KRISHNARAJA WODEYAR BIRTH PLACE.,,,,,,,,,,,,,,,,,,,,,,,,,,,,,,,,,,,,,,,,,,,,,,,,,,,,,,,,,,,,,,,,,,
99,MANDYA,PANDAVAPURA,SHREERANGAPATTNA,SRIRANGANAPATNA FORT. AND MOAT,,,,,,,,,,,,,,,,,,,,,,,,,,,,,,,,,,,,,,,,,,,,,,,,,,,,,,,,,,,,,,,,,,
100,MANDYA,PANDAVAPURA,SHREERANGAPATTNA,BATERI (2 NO.).,,,,,,,,,,,,,,,,,,,,,,,,,,,,,,,,,,,,,,,,,,,,,,,,,,,,,,,,,,,,,,,,,,
101,MANDYA,PANDAVAPURA,SHREERANGAPATTNA,GUN POWDER STORES (8 NOS).,,,,,,,,,,,,,,,,,,,,,,,,,,,,,,,,,,,,,,,,,,,,,,,,,,,,,,,,,,,,,,,,,,
102,MANDYA,PANDAVAPURA,SHREERANGAPATTNA,HANGING – BRIDGE.,,,,,,,,,,,,,,,,,,,,,,,,,,,,,,,,,,,,,,,,,,,,,,,,,,,,,,,,,,,,,,,,,,
103,MANDYA,PANDAVAPURA,SHREERANGAPATTNA,RANAGAMBHA (2 NOS).,,,,,,,,,,,,,,,,,,,,,,,,,,,,,,,,,,,,,,,,,,,,,,,,,,,,,,,,,,,,,,,,,,
104,MANDYA,PANDAVAPURA,SHREERANGAPATTNA,(RUINED PALACE OF MIRSADHIK.)MASIDI,,,,,,,,,,,,,,,,,,,,,,,,,,,,,,,,,,,,,,,,,,,,,,,,,,,,,,,,,,,,,,,,,,
105,MANDYA,PANDAVAPURA,SHREERANGAPATTNA,TUPPADA-KOLA.,,,,,,,,,,,,,,,,,,,,,,,,,,,,,,,,,,,,,,,,,,,,,,,,,,,,,,,,,,,,,,,,,,
106,MANDYA,PANDAVAPURA,SHREERANGAPATTNA,BRITISH GARASION CEMETERIES,,,,,,,,,,,,,,,,,,,,,,,,,,,,,,,,,,,,,,,,,,,,,,,,,,,,,,,,,,,,,,,,,,
107,HASSAN,ARKALGUD,MALLARAJAPATNA,LAKSHMANESHWARA TEMPLE,,,,,,,,,,,,,,,,,,,,,,,,,,,,,,,,,,,,,,,,,,,,,,,,,,,,,,,,,,,,,,,,,,
108,HASSAN,ARKALGUD,RAMANATHAPURA,RAMESHWARA TEMPLE.,,,,,,,,,,,,,,,,,,,,,,,,,,,,,,,,,,,,,,,,,,,,,,,,,,,,,,,,,,,,,,,,,,
109,HASSAN,ARSIKERE,HARANAHALLI,KESHAVA TEMPLE.,,,,,,,,,,,,,,,,,,,,,,,,,,,,,,,,,,,,,,,,,,,,,,,,,,,,,,,,,,,,,,,,,,
110,HASSAN,ARSIKERE,HARANAHALLI,SOMESHWARA TEMPLE.,,,,,,,,,,,,,,,,,,,,,,,,,,,,,,,,,,,,,,,,,,,,,,,,,,,,,,,,,,,,,,,,,,
111,HASSAN,ARSIKERE,HULEKERE,CHANNAKESHAVA TEMPLE.,,,,,,,,,,,,,,,,,,,,,,,,,,,,,,,,,,,,,,,,,,,,,,,,,,,,,,,,,,,,,,,,,,
112,HASSAN,ARSIKERE,JAVAGAL,NARASIMHA TEMPLE.,,,,,,,,,,,,,,,,,,,,,,,,,,,,,,,,,,,,,,,,,,,,,,,,,,,,,,,,,,,,,,,,,,
113,HASSAN,ARSIKERE,MAVATHANAHALLI,MAHALINGESHWARA TEMPLE.,,,,,,,,,,,,,,,,,,,,,,,,,,,,,,,,,,,,,,,,,,,,,,,,,,,,,,,,,,,,,,,,,,
114,HASSAN,BELUR,CHETTANNAHALLI,CHATTESHWARA TEMPLE,,,,,,,,,,,,,,,,,,,,,,,,,,,,,,,,,,,,,,,,,,,,,,,,,,,,,,,,,,,,,,,,,,
115,HASSAN,BELUR,HALEBIDU,RANGANATHA TEMPLE ,,,,,,,,,,,,,,,,,,,,,,,,,,,,,,,,,,,,,,,,,,,,,,,,,,,,,,,,,,,,,,,,,,
116,HASSAN,BELUR,HALEBIDU,VEERABHADRA TEMPLE.,,,,,,,,,,,,,,,,,,,,,,,,,,,,,,,,,,,,,,,,,,,,,,,,,,,,,,,,,,,,,,,,,,
117,HASSAN,BELUR,KASHIPURA GRAMA ,KASHESWHARA TEMPLE ,,,,,,,,,,,,,,,,,,,,,,,,,,,,,,,,,,,,,,,,,,,,,,,,,,,,,,,,,,,,,,,,,,
118,HASSAN,CHANNARAYAPATNA,ANATHI,LAKSHMINARAYANA TEMPLE,,,,,,,,,,,,,,,,,,,,,,,,,,,,,,,,,,,,,,,,,,,,,,,,,,,,,,,,,,,,,,,,,,
119,HASSAN,CHANNARAYAPATNA,HEBBALALU,SINGESHWARA TEMPLE.,,,,,,,,,,,,,,,,,,,,,,,,,,,,,,,,,,,,,,,,,,,,,,,,,,,,,,,,,,,,,,,,,,
120,HASSAN,CHANNARAYAPATNA,JINANATHAPURA,SANTHINATHA BASADI,,,,,,,,,,,,,,,,,,,,,,,,,,,,,,,,,,,,,,,,,,,,,,,,,,,,,,,,,,,,,,,,,,
121,HASSAN,HASSAN,AMBUGU,PRASANNS CHANNAKESHWARA TEMPLE AND STATUE,,,,,,,,,,,,,,,,,,,,,,,,,,,,,,,,,,,,,,,,,,,,,,,,,,,,,,,,,,,,,,,,,,
122,HASSAN,HASSAN,GORUR,TRIKUNTESHWARA TEMPLE.,,,,,,,,,,,,,,,,,,,,,,,,,,,,,,,,,,,,,,,,,,,,,,,,,,,,,,,,,,,,,,,,,,
123,HASSAN,HASSAN,HERAGU,KIRITINARAYANA TEMPLE.,,,,,,,,,,,,,,,,,,,,,,,,,,,,,,,,,,,,,,,,,,,,,,,,,,,,,,,,,,,,,,,,,,
124,HASSAN,HASSAN,KONDAJJI,VISHNU TEMPLE.,,,,,,,,,,,,,,,,,,,,,,,,,,,,,,,,,,,,,,,,,,,,,,,,,,,,,,,,,,,,,,,,,,
125,HASSAN,HASSAN,KORAVANGALA,GOVINDESHWARA AND NAKESHWARA ,,,,,,,,,,,,,,,,,,,,,,,,,,,,,,,,,,,,,,,,,,,,,,,,,,,,,,,,,,,,,,,,,,
126,HASSAN,HASSAN,SHANTIGRAMA,CHANNKESHAVASWAMY TEMPLE.,,,,,,,,,,,,,,,,,,,,,,,,,,,,,,,,,,,,,,,,,,,,,,,,,,,,,,,,,,,,,,,,,,
127,HASSAN,HASSAN,SHANTIGRAMA,PARSHWANATHA BASADI,,,,,,,,,,,,,,,,,,,,,,,,,,,,,,,,,,,,,,,,,,,,,,,,,,,,,,,,,,,,,,,,,,
128,HASSAN,HASSAN,MARKULI,CHANNKESHAVASWAMY TEMPLE.,,,,,,,,,,,,,,,,,,,,,,,,,,,,,,,,,,,,,,,,,,,,,,,,,,,,,,,,,,,,,,,,,,
129,HASSAN,HASSAN,HONNAVARA,KESHAVA TEMPLE.,,,,,,,,,,,,,,,,,,,,,,,,,,,,,,,,,,,,,,,,,,,,,,,,,,,,,,,,,,,,,,,,,,
130,HASSAN,HASSAN,HONNAVARA,SOMESWHARA TEMPLE ,,,,,,,,,,,,,,,,,,,,,,,,,,,,,,,,,,,,,,,,,,,,,,,,,,,,,,,,,,,,,,,,,,
131,HASSAN,HASSAN,MUDIGERE,YOGANARASIMHA TEMPLE.,,,,,,,,,,,,,,,,,,,,,,,,,,,,,,,,,,,,,,,,,,,,,,,,,,,,,,,,,,,,,,,,,,
132,HASSAN,HASSAN,HOLENARASIPUR,NARASIMHA  TEMPLE.,,,,,,,,,,,,,,,,,,,,,,,,,,,,,,,,,,,,,,,,,,,,,,,,,,,,,,,,,,,,,,,,,,
133,HASSAN,HASSAN,GOLENAHALLI ,VIRABHADRESWHARA TEMPLE ,,,,,,,,,,,,,,,,,,,,,,,,,,,,,,,,,,,,,,,,,,,,,,,,,,,,,,,,,,,,,,,,,,
134,HASSAN,HASSAN,RAMANATHPURA ,AGASTESWHARA TEMPLE ,,,,,,,,,,,,,,,,,,,,,,,,,,,,,,,,,,,,,,,,,,,,,,,,,,,,,,,,,,,,,,,,,,
135,HASSAN,HASSAN,HASSAN,D.C HOUSE ,,,,,,,,,,,,,,,,,,,,,,,,,,,,,,,,,,,,,,,,,,,,,,,,,,,,,,,,,,,,,,,,,,
136,MYSURU,HEGGADADEVANKOTE,HEGGADADEVANKOTE (RURAL),VARADARAJA TEMPLE,,,,,,,,,,,,,,,,,,,,,,,,,,,,,,,,,,,,,,,,,,,,,,,,,,,,,,,,,,,,,,,,,,
137,MYSURU,HEGGADADEVANKOTE,MATAKERE,RAMESHWARA TEMPLE,,,,,,,,,,,,,,,,,,,,,,,,,,,,,,,,,,,,,,,,,,,,,,,,,,,,,,,,,,,,,,,,,,
138,MYSURU,HUNSUR,BETTADUR, GOMATESHWARA STATUE,,,,,,,,,,,,,,,,,,,,,,,,,,,,,,,,,,,,,,,,,,,,,,,,,,,,,,,,,,,,,,,,,,
139,MYSURU,HUNSUR,DHARMAPURA,KESHVA TEMPLE,,,,,,,,,,,,,,,,,,,,,,,,,,,,,,,,,,,,,,,,,,,,,,,,,,,,,,,,,,,,,,,,,,
140,MYSURU,KRISHNARAJANAGARA,CHIKKAHANASOGE,ADINATHA BASADI,,,,,,,,,,,,,,,,,,,,,,,,,,,,,,,,,,,,,,,,,,,,,,,,,,,,,,,,,,,,,,,,,,
141,MYSURU,KRISHNARAJANAGARA,KRISHNA RAJA NAGARA,ARKESHWARASWAMY TEMPLE.,,,,,,,,,,,,,,,,,,,,,,,,,,,,,,,,,,,,,,,,,,,,,,,,,,,,,,,,,,,,,,,,,,
142,MYSURU,KRISHNARAJANAGARA,MIRLE,AMRUTHESHWARA TEMPLE.,,,,,,,,,,,,,,,,,,,,,,,,,,,,,,,,,,,,,,,,,,,,,,,,,,,,,,,,,,,,,,,,,,
143,MYSURU,KRISHNARAJANAGARA,MIRLE,YOGANARASIMHASWAMY TEMPLE,,,,,,,,,,,,,,,,,,,,,,,,,,,,,,,,,,,,,,,,,,,,,,,,,,,,,,,,,,,,,,,,,,
144,MYSURU,KRISHNARAJANAGARA,SALIGRAMA,RAMANUJACHARYA TEMPLE.,,,,,,,,,,,,,,,,,,,,,,,,,,,,,,,,,,,,,,,,,,,,,,,,,,,,,,,,,,,,,,,,,,
145,MYSURU,MYSURU,CHAMUNDIBETTA ,CHAMUNDESHWARI TEMPLE AND MAHABALESHWARA TEMPLE ON THE HILL.,,,,,,,,,,,,,,,,,,,,,,,,,,,,,,,,,,,,,,,,,,,,,,,,,,,,,,,,,,,,,,,,,,
146,MYSURU,MYSURU,LINGAMBUDI ,MAHALINGESWHARA TEMPLE ,,,,,,,,,,,,,,,,,,,,,,,,,,,,,,,,,,,,,,,,,,,,,,,,,,,,,,,,,,,,,,,,,,
147,MYSURU,MYSURU,MARASE,NARAYANA AND MARALESWHARA TEMPLE ,,,,,,,,,,,,,,,,,,,,,,,,,,,,,,,,,,,,,,,,,,,,,,,,,,,,,,,,,,,,,,,,,,
148,MYSURU,MYSURU,CHAMUNDIBETTA ,COLOSSAL BULL.,,,,,,,,,,,,,,,,,,,,,,,,,,,,,,,,,,,,,,,,,,,,,,,,,,,,,,,,,,,,,,,,,,
149,MYSURU,MYSURU,MYSORE ,WELLINGTON LODGE.,,,,,,,,,,,,,,,,,,,,,,,,,,,,,,,,,,,,,,,,,,,,,,,,,,,,,,,,,,,,,,,,,,
150,MYSURU,MYSURU,MYSORE PALACE COMPLEX,KODI SOMESHWARA & KODI BHAIRAVESHWARA,,,,,,,,,,,,,,,,,,,,,,,,,,,,,,,,,,,,,,,,,,,,,,,,,,,,,,,,,,,,,,,,,,
151,MYSURU,MYSURU,MYSORE PALACE COMPLEX,LAKSHMIRAMANA TEMPLE.,,,,,,,,,,,,,,,,,,,,,,,,,,,,,,,,,,,,,,,,,,,,,,,,,,,,,,,,,,,,,,,,,,
152,MYSURU,MYSURU,MYSORE PALACE COMPLEX,PRASANNA KRISHNASWAMY TEMPLE.,,,,,,,,,,,,,,,,,,,,,,,,,,,,,,,,,,,,,,,,,,,,,,,,,,,,,,,,,,,,,,,,,,
153,MYSURU,MYSURU,MYSORE PALACE COMPLEX,TRINAYANESHWARA TEMPLE.,,,,,,,,,,,,,,,,,,,,,,,,,,,,,,,,,,,,,,,,,,,,,,,,,,,,,,,,,,,,,,,,,,
154,MYSURU,MYSURU,MYSORE PALACE COMPLEX,VARAHASWAMY TEMPLE.,,,,,,,,,,,,,,,,,,,,,,,,,,,,,,,,,,,,,,,,,,,,,,,,,,,,,,,,,,,,,,,,,,
155,MYSURU,MYSURU,VARUNA,MAHALINGESHWARA TEMPLE.,,,,,,,,,,,,,,,,,,,,,,,,,,,,,,,,,,,,,,,,,,,,,,,,,,,,,,,,,,,,,,,,,,
156,MYSURU,NANJANGUD,HEDATALE,LAKSHMIKANTA TEMPLE.,,,,,,,,,,,,,,,,,,,,,,,,,,,,,,,,,,,,,,,,,,,,,,,,,,,,,,,,,,,,,,,,,,
157,MYSURU,NANJANGUD,HEDATALE,NAGARESHWARA TEMPLE.,,,,,,,,,,,,,,,,,,,,,,,,,,,,,,,,,,,,,,,,,,,,,,,,,,,,,,,,,,,,,,,,,,
158,MYSURU,NANJANGUD,KALALE,"LAKSHMIKANTA TEMPLE AND ADJOINING TEMPLES, MANTAPAS AND SANDLE WOOD DOOR ",,,,,,,,,,,,,,,,,,,,,,,,,,,,,,,,,,,,,,,,,,,,,,,,,,,,,,,,,,,,,,,,,,
159,MYSURU,NANJANGUD,SUTUR,NARAYANA TEMPLE.,,,,,,,,,,,,,,,,,,,,,,,,,,,,,,,,,,,,,,,,,,,,,,,,,,,,,,,,,,,,,,,,,,
160,MYSURU,NANJANGUD,SUTTUR,SOMESHWARA TEMPLE.,,,,,,,,,,,,,,,,,,,,,,,,,,,,,,,,,,,,,,,,,,,,,,,,,,,,,,,,,,,,,,,,,,
161,MYSURU,NANJANGUD,TAGADURU,MULASTHANESHWARA TEMPLE.,,,,,,,,,,,,,,,,,,,,,,,,,,,,,,,,,,,,,,,,,,,,,,,,,,,,,,,,,,,,,,,,,,
162,MYSURU,PIRIYAPATNA,PERIYAPATNA,CHANNAKESHAVA TEMPLE,,,,,,,,,,,,,,,,,,,,,,,,,,,,,,,,,,,,,,,,,,,,,,,,,,,,,,,,,,,,,,,,,,
163,MYSURU,TIRUMAKUDAL - NARSIPUR,BANNUR,HANUMANTHESHWARA TEMPLE.,,,,,,,,,,,,,,,,,,,,,,,,,,,,,,,,,,,,,,,,,,,,,,,,,,,,,,,,,,,,,,,,,,
164,MYSURU,TIRUMAKUDAL - NARSIPUR,SOMANATHAPUR,PANCHALINGESWHARA TEMPLE ,,,,,,,,,,,,,,,,,,,,,,,,,,,,,,,,,,,,,,,,,,,,,,,,,,,,,,,,,,,,,,,,,,
165,MYSURU,TIRUMAKUDAL - NARSIPUR,T NARASEEPURA,AGASTHESHWARA TEMPLE.,,,,,,,,,,,,,,,,,,,,,,,,,,,,,,,,,,,,,,,,,,,,,,,,,,,,,,,,,,,,,,,,,,
166,MYSURU,TIRUMAKUDAL - NARSIPUR,T NARASEEPURA,GUNJANARAIMHASWAMY TEMPLE.,,,,,,,,,,,,,,,,,,,,,,,,,,,,,,,,,,,,,,,,,,,,,,,,,,,,,,,,,,,,,,,,,,
167,MYSURU,TIRUMAKUDAL - NARSIPUR,TALKDU,TALAKADU SAND DUNES,,,,,,,,,,,,,,,,,,,,,,,,,,,,,,,,,,,,,,,,,,,,,,,,,,,,,,,,,,,,,,,,,,
168,UDUPI,UDUPI,UDUPI,"BIRTH PLACE OF SRI MADHWACHARYA, SRI ANANTHA PADMANABHASWAMY TEMPLE, PAJAKA MATTA.",,,,,,,,,,,,,,,,,,,,,,,,,,,,,,,,,,,,,,,,,,,,,,,,,,,,,,,,,,,,,,,,,,
169,UDUPI,UDUPI,UDUPI,"PARASHU THREERTHA, SRI KRISHNA TEMPLE.",,,,,,,,,,,,,,,,,,,,,,,,,,,,,,,,,,,,,,,,,,,,,,,,,,,,,,,,,,,,,,,,,,
170,UDUPI,UDUPI,UDUPI,NAGABHANA.,,,,,,,,,,,,,,,,,,,,,,,,,,,,,,,,,,,,,,,,,,,,,,,,,,,,,,,,,,,,,,,,,,
171,UDUPI,UDUPI,INNAJE,DHANUSH THEERTHA.,,,,,,,,,,,,,,,,,,,,,,,,,,,,,,,,,,,,,,,,,,,,,,,,,,,,,,,,,,,,,,,,,,
172,UDUPI,UDUPI,KURUKALU,BANA THEERATHA AND ESWHARA TEMPLE ,,,,,,,,,,,,,,,,,,,,,,,,,,,,,,,,,,,,,,,,,,,,,,,,,,,,,,,,,,,,,,,,,,
173,UDUPI,UDUPI,KURUKALU,DURGA TEMPLE.,,,,,,,,,,,,,,,,,,,,,,,,,,,,,,,,,,,,,,,,,,,,,,,,,,,,,,,,,,,,,,,,,,
174,UDUPI,UDUPI,KURUKALU,GADHA THEERTHA.,,,,,,,,,,,,,,,,,,,,,,,,,,,,,,,,,,,,,,,,,,,,,,,,,,,,,,,,,,,,,,,,,,
175,UDUPI,UDUPI,HOSALA (BARKURU),HANUMANTHA GOPURA.,,,,,,,,,,,,,,,,,,,,,,,,,,,,,,,,,,,,,,,,,,,,,,,,,,,,,,,,,,,,,,,,,,
176,UDUPI,UDUPI,PEJAMANGOOR,SURALU PALACE,,,,,,,,,,,,,,,,,,,,,,,,,,,,,,,,,,,,,,,,,,,,,,,,,,,,,,,,,,,,,,,,,,
177,KODAGU,MADIKERI,MADIKERI,RAJA’S TOMBS,,,,,,,,,,,,,,,,,,,,,,,,,,,,,,,,,,,,,,,,,,,,,,,,,,,,,,,,,,,,,,,,,,
178,KODAGU,MADIKERI,YARAKAPADI,NALAKNADU PALACE,,,,,,,,,,,,,,,,,,,,,,,,,,,,,,,,,,,,,,,,,,,,,,,,,,,,,,,,,,,,,,,,,,
179,KODAGU,VIRAJAPETE,ARAPATTU,ESWHARA TEMPLE ,,,,,,,,,,,,,,,,,,,,,,,,,,,,,,,,,,,,,,,,,,,,,,,,,,,,,,,,,,,,,,,,,,
180,DAKSHINA KANNADA,SULYA,KANAJI,DURGA PARAMESHWARI (TRISHULINI ) TEMPLE,,,,,,,,,,,,,,,,,,,,,,,,,,,,,,,,,,,,,,,,,,,,,,,,,,,,,,,,,,,,,,,,,,
181,CHIKKAMAGALURU,CHIKKAMAGALURU,HIREMAGALUR,"ISHWARA, YUPASTHAMBHA",,,,,,,,,,,,,,,,,,,,,,,,,,,,,,,,,,,,,,,,,,,,,,,,,,,,,,,,,,,,,,,,,,
182,CHIKKAMAGALURU,CHIKKAMAGALURU,HIREMAGALUR,KODANDA RAMASWAMY TEMPLE.,,,,,,,,,,,,,,,,,,,,,,,,,,,,,,,,,,,,,,,,,,,,,,,,,,,,,,,,,,,,,,,,,,
183,CHIKKAMAGALURU,CHIKKAMAGALURU,KANDAY,MARKANDESHWARA          TEMPLE,,,,,,,,,,,,,,,,,,,,,,,,,,,,,,,,,,,,,,,,,,,,,,,,,,,,,,,,,,,,,,,,,,
184,CHIKKAMAGALURU,CHIKKAMAGALURU,MARALE,CHANNAKESHWARA TEMPLE,,,,,,,,,,,,,,,,,,,,,,,,,,,,,,,,,,,,,,,,,,,,,,,,,,,,,,,,,,,,,,,,,,
185,CHIKKAMAGALURU,CHIKKAMAGALURU,MARALE,SIDDESHWARA TEMPLE,,,,,,,,,,,,,,,,,,,,,,,,,,,,,,,,,,,,,,,,,,,,,,,,,,,,,,,,,,,,,,,,,,
186,CHIKKAMAGALURU,KADUR,ASANDI,"GANGESHWARA, DHARAMESHWARA, ",,,,,,,,,,,,,,,,,,,,,,,,,,,,,,,,,,,,,,,,,,,,,,,,,,,,,,,,,,,,,,,,,,
187,CHIKKAMAGALURU,KADUR,ASANDI,"VEERABHADRESHWARA, CHANDIKESHWARASWAMY TEMPLE.",,,,,,,,,,,,,,,,,,,,,,,,,,,,,,,,,,,,,,,,,,,,,,,,,,,,,,,,,,,,,,,,,,
188,CHIKKAMAGALURU,KADUR,DEVANUR,LAKSHMIKANTA TEMPLE & LAKSHMISHA MONUMENT,,,,,,,,,,,,,,,,,,,,,,,,,,,,,,,,,,,,,,,,,,,,,,,,,,,,,,,,,,,,,,,,,,
189,CHIKKAMAGALURU,KADUR,HIRENALLUR,SHIVA TEMPLE.,,,,,,,,,,,,,,,,,,,,,,,,,,,,,,,,,,,,,,,,,,,,,,,,,,,,,,,,,,,,,,,,,,
190,CHIKKAMAGALURU,MUDIGERE,ANGADI,JAIN BASADI,,,,,,,,,,,,,,,,,,,,,,,,,,,,,,,,,,,,,,,,,,,,,,,,,,,,,,,,,,,,,,,,,,
191,CHIKKAMAGALURU,MUDIGERE,KALASA,KESHAVA STATUE IN THE RUINED TEMPLE.,,,,,,,,,,,,,,,,,,,,,,,,,,,,,,,,,,,,,,,,,,,,,,,,,,,,,,,,,,,,,,,,,,
192,CHIKKAMAGALURU,MUDIGERE,KALASA,KALASESHWARA TEMPLE,,,,,,,,,,,,,,,,,,,,,,,,,,,,,,,,,,,,,,,,,,,,,,,,,,,,,,,,,,,,,,,,,,
193,CHIKKAMAGALURU,TARIKERE,BAGGUVALLI,YOGANARASIMHASWAMY TEMPLE.,,,,,,,,,,,,,,,,,,,,,,,,,,,,,,,,,,,,,,,,,,,,,,,,,,,,,,,,,,,,,,,,,,
194,CHIKKAMAGALURU,TARIKERE,SOMPUR,SOMESHWARA TEMPLE,,,,,,,,,,,,,,,,,,,,,,,,,,,,,,,,,,,,,,,,,,,,,,,,,,,,,,,,,,,,,,,,,,
195,CHAMARAJANAGARA,CHAMARAJANAGARA,CHAMARAJANAGARA[R],CHAMARAJESHWARA TEMPLE,,,,,,,,,,,,,,,,,,,,,,,,,,,,,,,,,,,,,,,,,,,,,,,,,,,,,,,,,,,,,,,,,,
196,CHAMARAJANAGARA,CHAMARAJANAGARA,KANAKAGIRI,KANAKAGIRI BETTADALLIRUVA MONUMENT SAMUCHEYA ,,,,,,,,,,,,,,,,,,,,,,,,,,,,,,,,,,,,,,,,,,,,,,,,,,,,,,,,,,,,,,,,,,
197,CHAMARAJANAGARA,CHAMARAJANAGARA,NARASAMANGALA,VARADARAJA TEMPLE.,,,,,,,,,,,,,,,,,,,,,,,,,,,,,,,,,,,,,,,,,,,,,,,,,,,,,,,,,,,,,,,,,,
198,CHAMARAJANAGARA,GUNDLUPET,HANGALA,RAMESHWARA TEMPLE.,,,,,,,,,,,,,,,,,,,,,,,,,,,,,,,,,,,,,,,,,,,,,,,,,,,,,,,,,,,,,,,,,,
199,CHAMARAJANAGARA,GUNDLUPET,GUNDLUPET,DIWAN POORNAIAH’S RESIDENCE.,,,,,,,,,,,,,,,,,,,,,,,,,,,,,,,,,,,,,,,,,,,,,,,,,,,,,,,,,,,,,,,,,,
200,CHAMARAJANAGARA,YELANDUR,YELANDUR,DIWAN POORNAIAH’S CHOULTRY,,,,,,,,,,,,,,,,,,,,,,,,,,,,,,,,,,,,,,,,,,,,,,,,,,,,,,,,,,,,,,,,,,
201,CHAMARAJANAGARA,KOLLEGAL,MALAVALLI AND SATTEGALA IN BETWEEN ,LUSHINGTAN BRIDGE (WESLE BRIDGE) ,,,,,,,,,,,,,,,,,,,,,,,,,,,,,,,,,,,,,,,,,,,,,,,,,,,,,,,,,,,,,,,,,,
202,Kalburgi,Afzalpur,Afzalpur,Mosque and Tomb of Afzalkhan.,,,,,,,,,,,,,,,,,,,,,,,,,,,,,,,,,,,,,,,,,,,,,,,,,,,,,,,,,,,,,,,,,,
203,Kalburgi,Aland,Aland,Ali Farhad Kahn’s mosque and Inscription And Dargah of H. Shaik Allaudin Ansari.,,,,,,,,,,,,,,,,,,,,,,,,,,,,,,,,,,,,,,,,,,,,,,,,,,,,,,,,,,,,,,,,,,
204,Kalburgi,Aland,Chunchanasuru,Maheshara Temple ,,,,,,,,,,,,,,,,,,,,,,,,,,,,,,,,,,,,,,,,,,,,,,,,,,,,,,,,,,,,,,,,,,
205,Kalburgi,Aland,Hodala ,Ramalingeshwara Temple ,,,,,,,,,,,,,,,,,,,,,,,,,,,,,,,,,,,,,,,,,,,,,,,,,,,,,,,,,,,,,,,,,,
206,Kalburgi,Aland,Nagai,Nagai remains.,,,,,,,,,,,,,,,,,,,,,,,,,,,,,,,,,,,,,,,,,,,,,,,,,,,,,,,,,,,,,,,,,,
207,Kalburgi,Kalburgi,Bahumanipura,Ismail Mokh’s Mosque and Tomb.,,,,,,,,,,,,,,,,,,,,,,,,,,,,,,,,,,,,,,,,,,,,,,,,,,,,,,,,,,,,,,,,,,
208,Kalburgi,Kalburgi,Bahumanipura,Tomb of Allaudin Hassan Gangu Bahamani.,,,,,,,,,,,,,,,,,,,,,,,,,,,,,,,,,,,,,,,,,,,,,,,,,,,,,,,,,,,,,,,,,,
209,Kalburgi,Kalburgi,Bahumanipura,Tomb of Mohammed Shah-1.,,,,,,,,,,,,,,,,,,,,,,,,,,,,,,,,,,,,,,,,,,,,,,,,,,,,,,,,,,,,,,,,,,
210,Kalburgi,Kalburgi,Dargah Sherrif,Chand Bibi’s Tomb,,,,,,,,,,,,,,,,,,,,,,,,,,,,,,,,,,,,,,,,,,,,,,,,,,,,,,,,,,,,,,,,,,
211,Kalburgi,Kalburgi,Dargah Sherrif,Daragh of Hazarat Khwaja Bande Nawaz,,,,,,,,,,,,,,,,,,,,,,,,,,,,,,,,,,,,,,,,,,,,,,,,,,,,,,,,,,,,,,,,,,
212,Kalburgi,Kalburgi,Dargah Sherrif,Syed Mohammed Gesu Darz.,,,,,,,,,,,,,,,,,,,,,,,,,,,,,,,,,,,,,,,,,,,,,,,,,,,,,,,,,,,,,,,,,,
213,Kalburgi,Kalburgi,Dargah Sherrif,Siddi Ambais Tomb.,,,,,,,,,,,,,,,,,,,,,,,,,,,,,,,,,,,,,,,,,,,,,,,,,,,,,,,,,,,,,,,,,,
214,Kalburgi,Kalburgi,Firozabad,Firozabad Remains.,,,,,,,,,,,,,,,,,,,,,,,,,,,,,,,,,,,,,,,,,,,,,,,,,,,,,,,,,,,,,,,,,,
215,Kalburgi,Kalburgi,Kalburgi,Chor Gumbad.,,,,,,,,,,,,,,,,,,,,,,,,,,,,,,,,,,,,,,,,,,,,,,,,,,,,,,,,,,,,,,,,,,
216,Kalburgi,Kalburgi,Kalburgi,Old Idgah.,,,,,,,,,,,,,,,,,,,,,,,,,,,,,,,,,,,,,,,,,,,,,,,,,,,,,,,,,,,,,,,,,,
217,Kalburgi,Kalburgi,Kalburgi,Shah Bazaar Mosque and Hummam.,,,,,,,,,,,,,,,,,,,,,,,,,,,,,,,,,,,,,,,,,,,,,,,,,,,,,,,,,,,,,,,,,,
218,Kalburgi,Kalburgi,Hirapur,Hirapur Mosque and Well.,,,,,,,,,,,,,,,,,,,,,,,,,,,,,,,,,,,,,,,,,,,,,,,,,,,,,,,,,,,,,,,,,,
219,Kalburgi,Kalburgi,Holkonda,Bahmani Tombs at Holkonda.,,,,,,,,,,,,,,,,,,,,,,,,,,,,,,,,,,,,,,,,,,,,,,,,,,,,,,,,,,,,,,,,,,
220,Kalburgi,Kalburgi,Lakshmigudda,Neolithic site,,,,,,,,,,,,,,,,,,,,,,,,,,,,,,,,,,,,,,,,,,,,,,,,,,,,,,,,,,,,,,,,,,
221,Kalburgi,Kalburgi,N.W. of Gulbarga city,Dargah of Hazrat Shaikh Sirajuddin Junaiedi.,,,,,,,,,,,,,,,,,,,,,,,,,,,,,,,,,,,,,,,,,,,,,,,,,,,,,,,,,,,,,,,,,,
222,Kalburgi,Kalburgi,N.W. of Gulbarga city,Langar-ki-masjid.,,,,,,,,,,,,,,,,,,,,,,,,,,,,,,,,,,,,,,,,,,,,,,,,,,,,,,,,,,,,,,,,,,
223,Kalburgi,Kalburgi,Near Khwaja Bande Nawaz,"Dargah, Mosque, Sarai of H-Kamal Mujarrad.",,,,,,,,,,,,,,,,,,,,,,,,,,,,,,,,,,,,,,,,,,,,,,,,,,,,,,,,,,,,,,,,,,
224,Kalburgi,Kalburgi,West of  Gulbarga City,Qalandar Khan’s Mosque and Tomb.,,,,,,,,,,,,,,,,,,,,,,,,,,,,,,,,,,,,,,,,,,,,,,,,,,,,,,,,,,,,,,,,,,
225,Kalburgi,Jewargi,Agalgi,Pre-historic site,,,,,,,,,,,,,,,,,,,,,,,,,,,,,,,,,,,,,,,,,,,,,,,,,,,,,,,,,,,,,,,,,,
226,Kalburgi,Jewargi,Andol,Pre-historic site,,,,,,,,,,,,,,,,,,,,,,,,,,,,,,,,,,,,,,,,,,,,,,,,,,,,,,,,,,,,,,,,,,
227,Kalburgi,Jewargi,Balchotti Halli,Pre-historic site,,,,,,,,,,,,,,,,,,,,,,,,,,,,,,,,,,,,,,,,,,,,,,,,,,,,,,,,,,,,,,,,,,
228,Kalburgi,Jewargi,Chammur,Pre-historic site,,,,,,,,,,,,,,,,,,,,,,,,,,,,,,,,,,,,,,,,,,,,,,,,,,,,,,,,,,,,,,,,,,
229,Kalburgi,Jewargi,Halmardi,Pre-historic site,,,,,,,,,,,,,,,,,,,,,,,,,,,,,,,,,,,,,,,,,,,,,,,,,,,,,,,,,,,,,,,,,,
230,Kalburgi,Jewargi,Helbahavi,Pre-historic site,,,,,,,,,,,,,,,,,,,,,,,,,,,,,,,,,,,,,,,,,,,,,,,,,,,,,,,,,,,,,,,,,,
231,Kalburgi,Jewargi,Ijheri,Pre-historic site,,,,,,,,,,,,,,,,,,,,,,,,,,,,,,,,,,,,,,,,,,,,,,,,,,,,,,,,,,,,,,,,,,
232,Kalburgi,Jewargi,Kodemathai Hill,Pre-historic site,,,,,,,,,,,,,,,,,,,,,,,,,,,,,,,,,,,,,,,,,,,,,,,,,,,,,,,,,,,,,,,,,,
233,Kalburgi,Jewargi,Kottur,Pre-historic site,,,,,,,,,,,,,,,,,,,,,,,,,,,,,,,,,,,,,,,,,,,,,,,,,,,,,,,,,,,,,,,,,,
234,Kalburgi,Jewargi,Mandevalli,Pre-historic site,,,,,,,,,,,,,,,,,,,,,,,,,,,,,,,,,,,,,,,,,,,,,,,,,,,,,,,,,,,,,,,,,,
235,Kalburgi,Jewargi,Taivathivi,Pre-historic site,,,,,,,,,,,,,,,,,,,,,,,,,,,,,,,,,,,,,,,,,,,,,,,,,,,,,,,,,,,,,,,,,,
236,Kalburgi,Jewargi,Uppaldivi,Pre-historic site,,,,,,,,,,,,,,,,,,,,,,,,,,,,,,,,,,,,,,,,,,,,,,,,,,,,,,,,,,,,,,,,,,
237,Kalburgi,Sedam,Malked,Malked Fort and other remains.,,,,,,,,,,,,,,,,,,,,,,,,,,,,,,,,,,,,,,,,,,,,,,,,,,,,,,,,,,,,,,,,,,
238,Kalburgi,Sedam,Sedam,"Panchalinga Temple, monolithic pillar and other remains",,,,,,,,,,,,,,,,,,,,,,,,,,,,,,,,,,,,,,,,,,,,,,,,,,,,,,,,,,,,,,,,,,
239,Kalburgi,Sedam,Moga,Ramalingeshwara Temple (Swayambu Bhu Ramanatha),,,,,,,,,,,,,,,,,,,,,,,,,,,,,,,,,,,,,,,,,,,,,,,,,,,,,,,,,,,,,,,,,,
240,Koppal,Gangavati,Agoli,Pre-historic site.,,,,,,,,,,,,,,,,,,,,,,,,,,,,,,,,,,,,,,,,,,,,,,,,,,,,,,,,,,,,,,,,,,
241,Koppal,Gangavati,Anegundi,Fort.,,,,,,,,,,,,,,,,,,,,,,,,,,,,,,,,,,,,,,,,,,,,,,,,,,,,,,,,,,,,,,,,,,
242,Koppal,Gangavati,Anegundi,Hindu Temple.,,,,,,,,,,,,,,,,,,,,,,,,,,,,,,,,,,,,,,,,,,,,,,,,,,,,,,,,,,,,,,,,,,
243,Koppal,Gangavati,Hanamasagar,Balaji’s Temple.,,,,,,,,,,,,,,,,,,,,,,,,,,,,,,,,,,,,,,,,,,,,,,,,,,,,,,,,,,,,,,,,,,
244,Koppal,Gangavati,Kanakgiri,Kanakachala Temple and remains of other,,,,,,,,,,,,,,,,,,,,,,,,,,,,,,,,,,,,,,,,,,,,,,,,,,,,,,,,,,,,,,,,,,
245,Koppal,Gangavati,Kanakgiri,Mosque.,,,,,,,,,,,,,,,,,,,,,,,,,,,,,,,,,,,,,,,,,,,,,,,,,,,,,,,,,,,,,,,,,,
246,Koppal,Gangavati,Karehal,Pre-historic site,,,,,,,,,,,,,,,,,,,,,,,,,,,,,,,,,,,,,,,,,,,,,,,,,,,,,,,,,,,,,,,,,,
247,Koppal,Gangavati,Marrat,Remains of Hindu Temple and Inscriptions.,,,,,,,,,,,,,,,,,,,,,,,,,,,,,,,,,,,,,,,,,,,,,,,,,,,,,,,,,,,,,,,,,,
248,Koppal,Gangavati,Nammatri,Hindu Temple with Inscriptions.,,,,,,,,,,,,,,,,,,,,,,,,,,,,,,,,,,,,,,,,,,,,,,,,,,,,,,,,,,,,,,,,,,
249,Koppal,Gangavati,Nouli,An old Hindu Temple.,,,,,,,,,,,,,,,,,,,,,,,,,,,,,,,,,,,,,,,,,,,,,,,,,,,,,,,,,,,,,,,,,,
250,Koppal,Kustagi,Siddapur,Pre-historic site.,,,,,,,,,,,,,,,,,,,,,,,,,,,,,,,,,,,,,,,,,,,,,,,,,,,,,,,,,,,,,,,,,,
251,Koppal,Gangavati,Sindur,An old Hindu Temple.,,,,,,,,,,,,,,,,,,,,,,,,,,,,,,,,,,,,,,,,,,,,,,,,,,,,,,,,,,,,,,,,,,
252,Koppal,Gangavati,Venkatagiri,An old Hindu Temple.,,,,,,,,,,,,,,,,,,,,,,,,,,,,,,,,,,,,,,,,,,,,,,,,,,,,,,,,,,,,,,,,,,
253,Koppal,Koppal,Bahadurbanda,Bahadurbanda Fort.,,,,,,,,,,,,,,,,,,,,,,,,,,,,,,,,,,,,,,,,,,,,,,,,,,,,,,,,,,,,,,,,,,
254,Koppal,Koppal,Chinna chentudora,Pre-historic site.,,,,,,,,,,,,,,,,,,,,,,,,,,,,,,,,,,,,,,,,,,,,,,,,,,,,,,,,,,,,,,,,,,
255,Koppal,Koppal,Koppal,Koppal Fort.,,,,,,,,,,,,,,,,,,,,,,,,,,,,,,,,,,,,,,,,,,,,,,,,,,,,,,,,,,,,,,,,,,
256,Koppal,Koppal,Kummatadurga ,Kumara ramarana Kummatadurga ,,,,,,,,,,,,,,,,,,,,,,,,,,,,,,,,,,,,,,,,,,,,,,,,,,,,,,,,,,,,,,,,,,
257,Koppal,Koppal,Munirabad,Hindu Temple and Inscriptions.,,,,,,,,,,,,,,,,,,,,,,,,,,,,,,,,,,,,,,,,,,,,,,,,,,,,,,,,,,,,,,,,,,
258,Koppal,Kustagi,Antharthan,Eshwara Temple.,,,,,,,,,,,,,,,,,,,,,,,,,,,,,,,,,,,,,,,,,,,,,,,,,,,,,,,,,,,,,,,,,,
259,Koppal,Kustagi,Belagi,Chandralinga Temple.,,,,,,,,,,,,,,,,,,,,,,,,,,,,,,,,,,,,,,,,,,,,,,,,,,,,,,,,,,,,,,,,,,
260,Koppal,Kustagi,Hanamasagar,Archeaological remains,,,,,,,,,,,,,,,,,,,,,,,,,,,,,,,,,,,,,,,,,,,,,,,,,,,,,,,,,,,,,,,,,,
261,Koppal,Kustagi,Hanamasagar,Someshwara Gurusideshwara Temple.,,,,,,,,,,,,,,,,,,,,,,,,,,,,,,,,,,,,,,,,,,,,,,,,,,,,,,,,,,,,,,,,,,
262,Koppal,Kustagi,Hulgeri,Venkateshwara Govindaraj Temple.,,,,,,,,,,,,,,,,,,,,,,,,,,,,,,,,,,,,,,,,,,,,,,,,,,,,,,,,,,,,,,,,,,
263,Koppal,Kustagi,Kushtagi,Mosque.,,,,,,,,,,,,,,,,,,,,,,,,,,,,,,,,,,,,,,,,,,,,,,,,,,,,,,,,,,,,,,,,,,
264,Koppal,Kustagi,Kushtagi,Someshwara Temple.,,,,,,,,,,,,,,,,,,,,,,,,,,,,,,,,,,,,,,,,,,,,,,,,,,,,,,,,,,,,,,,,,,
265,Koppal,Kustagi,Pura,Someshwara  Temple.,,,,,,,,,,,,,,,,,,,,,,,,,,,,,,,,,,,,,,,,,,,,,,,,,,,,,,,,,,,,,,,,,,
266,Koppal,Kustagi,Puratgeri,Someshwara  Temple.,,,,,,,,,,,,,,,,,,,,,,,,,,,,,,,,,,,,,,,,,,,,,,,,,,,,,,,,,,,,,,,,,,
267,Koppal,Kustagi,Rampur,Mahadev (Rameshwara ) Temple.,,,,,,,,,,,,,,,,,,,,,,,,,,,,,,,,,,,,,,,,,,,,,,,,,,,,,,,,,,,,,,,,,,
268,Koppal,Kustagi,Santgadh,Fort.,,,,,,,,,,,,,,,,,,,,,,,,,,,,,,,,,,,,,,,,,,,,,,,,,,,,,,,,,,,,,,,,,,
269,Koppal,Kustagi,Tawargere,Pre-historic site.,,,,,,,,,,,,,,,,,,,,,,,,,,,,,,,,,,,,,,,,,,,,,,,,,,,,,,,,,,,,,,,,,,
270,Koppal,Kustagi,Vajarabanda,Mahadeva Temple.,,,,,,,,,,,,,,,,,,,,,,,,,,,,,,,,,,,,,,,,,,,,,,,,,,,,,,,,,,,,,,,,,,
271,Raichur,Devadurga,Devadurga,Fort,,,,,,,,,,,,,,,,,,,,,,,,,,,,,,,,,,,,,,,,,,,,,,,,,,,,,,,,,,,,,,,,,,
272,Raichur,Devadurga,Devadurga,Hindu Temple.,,,,,,,,,,,,,,,,,,,,,,,,,,,,,,,,,,,,,,,,,,,,,,,,,,,,,,,,,,,,,,,,,,
273,Raichur,Devadurga,Gabbur,Bhangar Basappa’s Temple.,,,,,,,,,,,,,,,,,,,,,,,,,,,,,,,,,,,,,,,,,,,,,,,,,,,,,,,,,,,,,,,,,,
274,Raichur,Devadurga,Gabbur,"Choudi gate Temple, Hanuman Temple, Temple near Jami Masjid.",,,,,,,,,,,,,,,,,,,,,,,,,,,,,,,,,,,,,,,,,,,,,,,,,,,,,,,,,,,,,,,,,,
275,Raichur,Devadurga,Gabbur,Hindu Temple.,,,,,,,,,,,,,,,,,,,,,,,,,,,,,,,,,,,,,,,,,,,,,,,,,,,,,,,,,,,,,,,,,,
276,Raichur,Devadurga,Gabbur,"Ishwara Temple, Ganjigudi mutt.",,,,,,,,,,,,,,,,,,,,,,,,,,,,,,,,,,,,,,,,,,,,,,,,,,,,,,,,,,,,,,,,,,
277,Raichur,Devadurga,Gabbur,Mel Shankara’s Temple.,,,,,,,,,,,,,,,,,,,,,,,,,,,,,,,,,,,,,,,,,,,,,,,,,,,,,,,,,,,,,,,,,,
278,Raichur,Devadurga,Gabbur,Venkateshwara Temple.,,,,,,,,,,,,,,,,,,,,,,,,,,,,,,,,,,,,,,,,,,,,,,,,,,,,,,,,,,,,,,,,,,
279,Raichur,Devadurga,Gabbur,Vishweshwara Temple.,,,,,,,,,,,,,,,,,,,,,,,,,,,,,,,,,,,,,,,,,,,,,,,,,,,,,,,,,,,,,,,,,,
280,Raichur,Devadurga,Ramdurga,Fort,,,,,,,,,,,,,,,,,,,,,,,,,,,,,,,,,,,,,,,,,,,,,,,,,,,,,,,,,,,,,,,,,,
281,Raichur,Devadurga,Sirwar,Pre-historic site,,,,,,,,,,,,,,,,,,,,,,,,,,,,,,,,,,,,,,,,,,,,,,,,,,,,,,,,,,,,,,,,,,
282,Raichur,Lingsugur,Anahosur,Pre-historic site,,,,,,,,,,,,,,,,,,,,,,,,,,,,,,,,,,,,,,,,,,,,,,,,,,,,,,,,,,,,,,,,,,
283,Raichur,Lingsugur,Bellamrayan,Neolithic site,,,,,,,,,,,,,,,,,,,,,,,,,,,,,,,,,,,,,,,,,,,,,,,,,,,,,,,,,,,,,,,,,,
284,Raichur,Lingsugur,guddaru,Pre-historic site,,,,,,,,,,,,,,,,,,,,,,,,,,,,,,,,,,,,,,,,,,,,,,,,,,,,,,,,,,,,,,,,,,
285,Raichur,Lingsugur,Honhalli,Ash-mound and chert flakes Remains of old smelting factories.,,,,,,,,,,,,,,,,,,,,,,,,,,,,,,,,,,,,,,,,,,,,,,,,,,,,,,,,,,,,,,,,,,
286,Raichur,Lingsugur,Jadar Khurd,Hindu Temple.,,,,,,,,,,,,,,,,,,,,,,,,,,,,,,,,,,,,,,,,,,,,,,,,,,,,,,,,,,,,,,,,,,
287,Raichur,Lingsugur,Jaladurga,Fort,,,,,,,,,,,,,,,,,,,,,,,,,,,,,,,,,,,,,,,,,,,,,,,,,,,,,,,,,,,,,,,,,,
288,Raichur,Lingsugur,Kardi,Mosque.,,,,,,,,,,,,,,,,,,,,,,,,,,,,,,,,,,,,,,,,,,,,,,,,,,,,,,,,,,,,,,,,,,
289,Raichur,Lingsugur,Kardi,Venkateshwara Temple.,,,,,,,,,,,,,,,,,,,,,,,,,,,,,,,,,,,,,,,,,,,,,,,,,,,,,,,,,,,,,,,,,,
290,Raichur,Lingsugur,Kergunty,Pre-historic site,,,,,,,,,,,,,,,,,,,,,,,,,,,,,,,,,,,,,,,,,,,,,,,,,,,,,,,,,,,,,,,,,,
291,Raichur,Lingsugur,Lingsugur,Neolithic sites,,,,,,,,,,,,,,,,,,,,,,,,,,,,,,,,,,,,,,,,,,,,,,,,,,,,,,,,,,,,,,,,,,
292,Raichur,Lingsugur,Machnur,Pre-historic site.,,,,,,,,,,,,,,,,,,,,,,,,,,,,,,,,,,,,,,,,,,,,,,,,,,,,,,,,,,,,,,,,,,
293,Raichur,Lingsugur,Machnur,Pre-historic site.,,,,,,,,,,,,,,,,,,,,,,,,,,,,,,,,,,,,,,,,,,,,,,,,,,,,,,,,,,,,,,,,,,
294,Raichur,Lingsugur,Maski,Pre-historic site.,,,,,,,,,,,,,,,,,,,,,,,,,,,,,,,,,,,,,,,,,,,,,,,,,,,,,,,,,,,,,,,,,,
295,Raichur,Lingsugur,Maski,Hindu Temples.,,,,,,,,,,,,,,,,,,,,,,,,,,,,,,,,,,,,,,,,,,,,,,,,,,,,,,,,,,,,,,,,,,
296,Raichur,Lingsugur,Maski,Pre-historic sites,,,,,,,,,,,,,,,,,,,,,,,,,,,,,,,,,,,,,,,,,,,,,,,,,,,,,,,,,,,,,,,,,,
297,Raichur,Lingsugur,Mudugal,Fort,,,,,,,,,,,,,,,,,,,,,,,,,,,,,,,,,,,,,,,,,,,,,,,,,,,,,,,,,,,,,,,,,,
298,Raichur,Lingsugur,Mudugal,Neolithic site,,,,,,,,,,,,,,,,,,,,,,,,,,,,,,,,,,,,,,,,,,,,,,,,,,,,,,,,,,,,,,,,,,
299,Raichur,Lingsugur,Taikhan,Jain Temple and Inscriptions.,,,,,,,,,,,,,,,,,,,,,,,,,,,,,,,,,,,,,,,,,,,,,,,,,,,,,,,,,,,,,,,,,,
300,Raichur,Lingsugur,Wandali,Ash-mound and Neolithic sies,,,,,,,,,,,,,,,,,,,,,,,,,,,,,,,,,,,,,,,,,,,,,,,,,,,,,,,,,,,,,,,,,,
301,Raichur,Manvi,Anandagal,Neolithic sites.,,,,,,,,,,,,,,,,,,,,,,,,,,,,,,,,,,,,,,,,,,,,,,,,,,,,,,,,,,,,,,,,,,
302,Raichur,Manvi,Bodnur,Hindu Temple.,,,,,,,,,,,,,,,,,,,,,,,,,,,,,,,,,,,,,,,,,,,,,,,,,,,,,,,,,,,,,,,,,,
303,Raichur,Manvi,Chickalpurani,An old Hindu Temple and Inscriptions.,,,,,,,,,,,,,,,,,,,,,,,,,,,,,,,,,,,,,,,,,,,,,,,,,,,,,,,,,,,,,,,,,,
304,Raichur,Manvi,Devanapalli,An old Mosque with an Inscription in Persian.,,,,,,,,,,,,,,,,,,,,,,,,,,,,,,,,,,,,,,,,,,,,,,,,,,,,,,,,,,,,,,,,,,
305,Raichur,Manvi,Gorebal,Neolithic sites,,,,,,,,,,,,,,,,,,,,,,,,,,,,,,,,,,,,,,,,,,,,,,,,,,,,,,,,,,,,,,,,,,
306,Raichur,Manvi,Halapur,Pre-historic site,,,,,,,,,,,,,,,,,,,,,,,,,,,,,,,,,,,,,,,,,,,,,,,,,,,,,,,,,,,,,,,,,,
307,Raichur,Manvi,Haranhalli,Pre-historic site,,,,,,,,,,,,,,,,,,,,,,,,,,,,,,,,,,,,,,,,,,,,,,,,,,,,,,,,,,,,,,,,,,
308,Raichur,Manvi,Harvi,Ruined Temples and Inscriptions.,,,,,,,,,,,,,,,,,,,,,,,,,,,,,,,,,,,,,,,,,,,,,,,,,,,,,,,,,,,,,,,,,,
309,Raichur,Manvi,Kallur,Hindu Temples with Inscriptions.,,,,,,,,,,,,,,,,,,,,,,,,,,,,,,,,,,,,,,,,,,,,,,,,,,,,,,,,,,,,,,,,,,
310,Raichur,Manvi,Kavithala,"Natural Caver and Pre-historict sites (rtifacts, Iron slag and Pieces of ancient pottery)",,,,,,,,,,,,,,,,,,,,,,,,,,,,,,,,,,,,,,,,,,,,,,,,,,,,,,,,,,,,,,,,,,
311,Raichur,Manvi,Kotekal,Pre-historic Sites,,,,,,,,,,,,,,,,,,,,,,,,,,,,,,,,,,,,,,,,,,,,,,,,,,,,,,,,,,,,,,,,,,
312,Raichur,Manvi,Manvi,An old Mosque; Jami Masjid.,,,,,,,,,,,,,,,,,,,,,,,,,,,,,,,,,,,,,,,,,,,,,,,,,,,,,,,,,,,,,,,,,,
313,Raichur,Manvi,Manvi,Fort,,,,,,,,,,,,,,,,,,,,,,,,,,,,,,,,,,,,,,,,,,,,,,,,,,,,,,,,,,,,,,,,,,
314,Raichur,Manvi,Manvi,Pre-historic site.,,,,,,,,,,,,,,,,,,,,,,,,,,,,,,,,,,,,,,,,,,,,,,,,,,,,,,,,,,,,,,,,,,
315,Raichur,Manvi,Navalkal,Natural Cavern and Pre-historic sites,,,,,,,,,,,,,,,,,,,,,,,,,,,,,,,,,,,,,,,,,,,,,,,,,,,,,,,,,,,,,,,,,,
316,Raichur,Manvi,Watgal,Pre-historic sites,,,,,,,,,,,,,,,,,,,,,,,,,,,,,,,,,,,,,,,,,,,,,,,,,,,,,,,,,,,,,,,,,,
317,Raichur,Raichur,Alisindhi hill,Pre-histroic sites,,,,,,,,,,,,,,,,,,,,,,,,,,,,,,,,,,,,,,,,,,,,,,,,,,,,,,,,,,,,,,,,,,
318,Raichur,Raichur,Gamer,Venkateshwara Temple with Devanagari Inscription.,,,,,,,,,,,,,,,,,,,,,,,,,,,,,,,,,,,,,,,,,,,,,,,,,,,,,,,,,,,,,,,,,,
319,Raichur,Raichur,Maliyabadu,Fort,,,,,,,,,,,,,,,,,,,,,,,,,,,,,,,,,,,,,,,,,,,,,,,,,,,,,,,,,,,,,,,,,,
320,Raichur,Raichur,Palkimdoddi,Pre-histroic site,,,,,,,,,,,,,,,,,,,,,,,,,,,,,,,,,,,,,,,,,,,,,,,,,,,,,,,,,,,,,,,,,,
321,Raichur,Raichur,Rahalattipura,Pre-historic site,,,,,,,,,,,,,,,,,,,,,,,,,,,,,,,,,,,,,,,,,,,,,,,,,,,,,,,,,,,,,,,,,,
322,Raichur,Raichur,Raichur,Ek-Minar Masjid.,,,,,,,,,,,,,,,,,,,,,,,,,,,,,,,,,,,,,,,,,,,,,,,,,,,,,,,,,,,,,,,,,,
323,Raichur,Mudugal,Raichur,Fort,,,,,,,,,,,,,,,,,,,,,,,,,,,,,,,,,,,,,,,,,,,,,,,,,,,,,,,,,,,,,,,,,,
324,Raichur,Mudugal,Raichur,"Fort, Naurangi Darwaza, Kati Darwaza etc.",,,,,,,,,,,,,,,,,,,,,,,,,,,,,,,,,,,,,,,,,,,,,,,,,,,,,,,,,,,,,,,,,,
325,Raichur,Mudugal,Raichur,Jain sculptures and Inscriptions.,,,,,,,,,,,,,,,,,,,,,,,,,,,,,,,,,,,,,,,,,,,,,,,,,,,,,,,,,,,,,,,,,,
326,Raichur,Mudugal,Raichur,Pre-historic site.,,,,,,,,,,,,,,,,,,,,,,,,,,,,,,,,,,,,,,,,,,,,,,,,,,,,,,,,,,,,,,,,,,
327,Raichur,Sindhanuru,Balagunuru,Lakshmi narayana Temple with the,,,,,,,,,,,,,,,,,,,,,,,,,,,,,,,,,,,,,,,,,,,,,,,,,,,,,,,,,,,,,,,,,,
328,Raichur,Sindhanuru,Chick Hesrur,Neolithic Site,,,,,,,,,,,,,,,,,,,,,,,,,,,,,,,,,,,,,,,,,,,,,,,,,,,,,,,,,,,,,,,,,,
329,Raichur,Sindhanuru,Goggerkal,Pre-historic Sites,,,,,,,,,,,,,,,,,,,,,,,,,,,,,,,,,,,,,,,,,,,,,,,,,,,,,,,,,,,,,,,,,,
330,Raichur,Sindhanuru,Homballi,Pre-historic Sites,,,,,,,,,,,,,,,,,,,,,,,,,,,,,,,,,,,,,,,,,,,,,,,,,,,,,,,,,,,,,,,,,,
331,Raichur,Sindhanuru,Kurukunda,Neolithic Site,,,,,,,,,,,,,,,,,,,,,,,,,,,,,,,,,,,,,,,,,,,,,,,,,,,,,,,,,,,,,,,,,,
332,Raichur,Sindhanuru,Roudkunda,Pre-historic Site,,,,,,,,,,,,,,,,,,,,,,,,,,,,,,,,,,,,,,,,,,,,,,,,,,,,,,,,,,,,,,,,,,
333,Yadgiri ,Shahapur,Alapur,Pre-historic site.,,,,,,,,,,,,,,,,,,,,,,,,,,,,,,,,,,,,,,,,,,,,,,,,,,,,,,,,,,,,,,,,,,
334,Yadgiri ,Shahapur,Bahrpur,Pre-historic site.,,,,,,,,,,,,,,,,,,,,,,,,,,,,,,,,,,,,,,,,,,,,,,,,,,,,,,,,,,,,,,,,,,
335,Yadgiri ,Shahapur,Bangruhasti,Pre-historic site.,,,,,,,,,,,,,,,,,,,,,,,,,,,,,,,,,,,,,,,,,,,,,,,,,,,,,,,,,,,,,,,,,,
336,Yadgiri ,Shahapur,Chickenhalli,Pre-historic site.,,,,,,,,,,,,,,,,,,,,,,,,,,,,,,,,,,,,,,,,,,,,,,,,,,,,,,,,,,,,,,,,,,
337,Yadgiri ,Shahapur,Gogi,Pre-historic site.,,,,,,,,,,,,,,,,,,,,,,,,,,,,,,,,,,,,,,,,,,,,,,,,,,,,,,,,,,,,,,,,,,
338,Yadgiri ,Shahapur,Gogi,Tombs of Adil Shahi Kings and other Remain.,,,,,,,,,,,,,,,,,,,,,,,,,,,,,,,,,,,,,,,,,,,,,,,,,,,,,,,,,,,,,,,,,,
339,Yadgiri ,Shahapur,Hebbal Buzurg,Pre-historic site.,,,,,,,,,,,,,,,,,,,,,,,,,,,,,,,,,,,,,,,,,,,,,,,,,,,,,,,,,,,,,,,,,,
340,Yadgiri ,Shahapur,Midway Between Shahapur and Sagar,Shahapur Avenues and Menhirs.,,,,,,,,,,,,,,,,,,,,,,,,,,,,,,,,,,,,,,,,,,,,,,,,,,,,,,,,,,,,,,,,,,
341,Yadgiri ,Shahapur,Sagar,Sagar Remains.,,,,,,,,,,,,,,,,,,,,,,,,,,,,,,,,,,,,,,,,,,,,,,,,,,,,,,,,,,,,,,,,,,
342,Yadgiri ,Shahapur,Shahapur,Pre-historic (burials).,,,,,,,,,,,,,,,,,,,,,,,,,,,,,,,,,,,,,,,,,,,,,,,,,,,,,,,,,,,,,,,,,,
343,Yadgiri ,Shahapur,Shahapur,Pre-historic (Cairns and Avenues).,,,,,,,,,,,,,,,,,,,,,,,,,,,,,,,,,,,,,,,,,,,,,,,,,,,,,,,,,,,,,,,,,,
344,Yadgiri ,Shahapur,Sirivala,"Shahapur Fort and other remains Wells-6 Kostagara/math-7, Temple -34",,,,,,,,,,,,,,,,,,,,,,,,,,,,,,,,,,,,,,,,,,,,,,,,,,,,,,,,,,,,,,,,,,
345,Yadgiri ,Shorapura,Billastapur,Pre-historic cairns.,,,,,,,,,,,,,,,,,,,,,,,,,,,,,,,,,,,,,,,,,,,,,,,,,,,,,,,,,,,,,,,,,,
346,Yadgiri ,Shorapura,Bijapur,Pre-historic cairns.,,,,,,,,,,,,,,,,,,,,,,,,,,,,,,,,,,,,,,,,,,,,,,,,,,,,,,,,,,,,,,,,,,
347,Yadgiri ,Shorapura,Bochaimatti,Pre-historic cairns.,,,,,,,,,,,,,,,,,,,,,,,,,,,,,,,,,,,,,,,,,,,,,,,,,,,,,,,,,,,,,,,,,,
348,Yadgiri ,Shorapura,Hagaratgi,Pre-historic stone circles.,,,,,,,,,,,,,,,,,,,,,,,,,,,,,,,,,,,,,,,,,,,,,,,,,,,,,,,,,,,,,,,,,,
349,Yadgiri ,Shorapura,Hunsgi,Pre-historic site.,,,,,,,,,,,,,,,,,,,,,,,,,,,,,,,,,,,,,,,,,,,,,,,,,,,,,,,,,,,,,,,,,,
350,Yadgiri ,Shorapura,Kakeru,Pre-historic site.,,,,,,,,,,,,,,,,,,,,,,,,,,,,,,,,,,,,,,,,,,,,,,,,,,,,,,,,,,,,,,,,,,
351,Yadgiri ,Shorapura,Karvamatti Hill,Pre-historic site.,,,,,,,,,,,,,,,,,,,,,,,,,,,,,,,,,,,,,,,,,,,,,,,,,,,,,,,,,,,,,,,,,,
352,Yadgiri ,Shorapura,Koppanur,Pre-historic site.,,,,,,,,,,,,,,,,,,,,,,,,,,,,,,,,,,,,,,,,,,,,,,,,,,,,,,,,,,,,,,,,,,
353,Yadgiri ,Shorapura,Kosgi,Pre-historic site.,,,,,,,,,,,,,,,,,,,,,,,,,,,,,,,,,,,,,,,,,,,,,,,,,,,,,,,,,,,,,,,,,,
354,Yadgiri ,Shorapura,Kupli,Pre-historic site.,,,,,,,,,,,,,,,,,,,,,,,,,,,,,,,,,,,,,,,,,,,,,,,,,,,,,,,,,,,,,,,,,,
355,Yadgiri ,Shorapura,Magalingahalli,Pre-historic site.,,,,,,,,,,,,,,,,,,,,,,,,,,,,,,,,,,,,,,,,,,,,,,,,,,,,,,,,,,,,,,,,,,
356,Yadgiri ,Shorapura,Mahgaon,Pre-historic site.,,,,,,,,,,,,,,,,,,,,,,,,,,,,,,,,,,,,,,,,,,,,,,,,,,,,,,,,,,,,,,,,,,
357,Yadgiri ,Shorapura,Mallur,Pre-historic site.,,,,,,,,,,,,,,,,,,,,,,,,,,,,,,,,,,,,,,,,,,,,,,,,,,,,,,,,,,,,,,,,,,
358,Yadgiri ,Shorapura,Mallur,Pre-historic site.,,,,,,,,,,,,,,,,,,,,,,,,,,,,,,,,,,,,,,,,,,,,,,,,,,,,,,,,,,,,,,,,,,
359,Yadgiri ,Shorapura,Mudnur,Ranganatha Temple with Ramatirth pond.,,,,,,,,,,,,,,,,,,,,,,,,,,,,,,,,,,,,,,,,,,,,,,,,,,,,,,,,,,,,,,,,,,
360,Yadgiri ,Shorapura,Sagar,Pre-historic site.,,,,,,,,,,,,,,,,,,,,,,,,,,,,,,,,,,,,,,,,,,,,,,,,,,,,,,,,,,,,,,,,,,
361,Yadgiri ,Shorapura,Shorapura,Pre-historic site.,,,,,,,,,,,,,,,,,,,,,,,,,,,,,,,,,,,,,,,,,,,,,,,,,,,,,,,,,,,,,,,,,,
362,Yadgiri ,Shorapura,Shorapura,Pre-historic site.,,,,,,,,,,,,,,,,,,,,,,,,,,,,,,,,,,,,,,,,,,,,,,,,,,,,,,,,,,,,,,,,,,
363,Yadgiri ,Shorapura,Shorapura,Pre-historic site.,,,,,,,,,,,,,,,,,,,,,,,,,,,,,,,,,,,,,,,,,,,,,,,,,,,,,,,,,,,,,,,,,,
364,Yadgiri ,Shorapura,Shorapura,"Shorapur Fort, Taylor Manzil, etc,",,,,,,,,,,,,,,,,,,,,,,,,,,,,,,,,,,,,,,,,,,,,,,,,,,,,,,,,,,,,,,,,,,
365,Yadgiri ,Shorapura,Thaumandi Tanda,Pre-historic cairns.,,,,,,,,,,,,,,,,,,,,,,,,,,,,,,,,,,,,,,,,,,,,,,,,,,,,,,,,,,,,,,,,,,
366,Yadgiri ,Shorapura,Uppale,Pre-historic cairns.,,,,,,,,,,,,,,,,,,,,,,,,,,,,,,,,,,,,,,,,,,,,,,,,,,,,,,,,,,,,,,,,,,
367,Yadgiri ,Shorapura,Vitragal,Pre-historic cairns.,,,,,,,,,,,,,,,,,,,,,,,,,,,,,,,,,,,,,,,,,,,,,,,,,,,,,,,,,,,,,,,,,,
368,Yadgiri ,Shorapura,Yadalbhavi,Pre-historic cairns.,,,,,,,,,,,,,,,,,,,,,,,,,,,,,,,,,,,,,,,,,,,,,,,,,,,,,,,,,,,,,,,,,,
369,Yadgiri ,Shorapura,Yammiguda,Pre-historic cairns.,,,,,,,,,,,,,,,,,,,,,,,,,,,,,,,,,,,,,,,,,,,,,,,,,,,,,,,,,,,,,,,,,,
370,Yadgiri ,Shorapura,Anandapur,Pre-historic cairns.,,,,,,,,,,,,,,,,,,,,,,,,,,,,,,,,,,,,,,,,,,,,,,,,,,,,,,,,,,,,,,,,,,
371,Yadgiri ,Yadgiri ,Belapur,An old Hindu Temple.,,,,,,,,,,,,,,,,,,,,,,,,,,,,,,,,,,,,,,,,,,,,,,,,,,,,,,,,,,,,,,,,,,
372,Yadgiri ,Yadgiri ,Devapur,Pre-historic cairns.,,,,,,,,,,,,,,,,,,,,,,,,,,,,,,,,,,,,,,,,,,,,,,,,,,,,,,,,,,,,,,,,,,
373,Yadgiri ,Yadgiri ,Douranahalli,Mosque and Inscriptions.,,,,,,,,,,,,,,,,,,,,,,,,,,,,,,,,,,,,,,,,,,,,,,,,,,,,,,,,,,,,,,,,,,
374,Yadgiri ,Yadgiri ,Ganjihalli,Maruti Temple.,,,,,,,,,,,,,,,,,,,,,,,,,,,,,,,,,,,,,,,,,,,,,,,,,,,,,,,,,,,,,,,,,,
375,Yadgiri ,Yadgiri ,Jalhalli,Raghunath Temple.,,,,,,,,,,,,,,,,,,,,,,,,,,,,,,,,,,,,,,,,,,,,,,,,,,,,,,,,,,,,,,,,,,
376,Yadgiri ,Yadgiri ,Jamalpur,Pre-historic stone circles.,,,,,,,,,,,,,,,,,,,,,,,,,,,,,,,,,,,,,,,,,,,,,,,,,,,,,,,,,,,,,,,,,,
377,Yadgiri ,Yadgiri ,Kodakal,Pre-historic stone circles.,,,,,,,,,,,,,,,,,,,,,,,,,,,,,,,,,,,,,,,,,,,,,,,,,,,,,,,,,,,,,,,,,,
378,Yadgiri ,Yadgiri ,Srinivasapur,Pre-historic Cairns.,,,,,,,,,,,,,,,,,,,,,,,,,,,,,,,,,,,,,,,,,,,,,,,,,,,,,,,,,,,,,,,,,,
379,Yadgiri ,Yadgiri ,Yadgir,Fort.,,,,,,,,,,,,,,,,,,,,,,,,,,,,,,,,,,,,,,,,,,,,,,,,,,,,,,,,,,,,,,,,,,
380,Yadgiri ,Yadgiri ,Yadgir,Hill Fort.,,,,,,,,,,,,,,,,,,,,,,,,,,,,,,,,,,,,,,,,,,,,,,,,,,,,,,,,,,,,,,,,,,
381,Yadgiri ,Yadgiri ,Yadgir,Hindu Temple.,,,,,,,,,,,,,,,,,,,,,,,,,,,,,,,,,,,,,,,,,,,,,,,,,,,,,,,,,,,,,,,,,,
382,Yadgiri ,Yadgiri ,Yadgir,Mosque and Inscriptions.,,,,,,,,,,,,,,,,,,,,,,,,,,,,,,,,,,,,,,,,,,,,,,,,,,,,,,,,,,,,,,,,,,
383,Yadgiri ,Yadgiri ,Yadahalli,Pre-historic (Stone Circles.),,,,,,,,,,,,,,,,,,,,,,,,,,,,,,,,,,,,,,,,,,,,,,,,,,,,,,,,,,,,,,,,,,
384,Yadgiri ,Yadgiri ,Yarakanahalli,Pre-historic cairns.,,,,,,,,,,,,,,,,,,,,,,,,,,,,,,,,,,,,,,,,,,,,,,,,,,,,,,,,,,,,,,,,,,
385,Yadgiri ,Yadgiri ,Yerigera,Jami Masjidi.,,,,,,,,,,,,,,,,,,,,,,,,,,,,,,,,,,,,,,,,,,,,,,,,,,,,,,,,,,,,,,,,,,
386,Yadgiri ,Yadgiri ,Yerigera,Veerabhadra Temple with Inscriptions.,,,,,,,,,,,,,,,,,,,,,,,,,,,,,,,,,,,,,,,,,,,,,,,,,,,,,,,,,,,,,,,,,,
387,Bellary,Bellary,Bellary,"Allipura Jailu, ",,,,,,,,,,,,,,,,,,,,,,,,,,,,,,,,,,,,,,,,,,,,,,,,,,,,,,,,,,,,,,,,,,
388,Bellary,Bellary,Bellary,"Sangana Kallu, Kappagallu Sirivara (Pre-historic and neolithic and ash-mond)",,,,,,,,,,,,,,,,,,,,,,,,,,,,,,,,,,,,,,,,,,,,,,,,,,,,,,,,,,,,,,,,,,
389,Bellary,Bellary,Sogi,Kalleshwaraswamy Temple.,,,,,,,,,,,,,,,,,,,,,,,,,,,,,,,,,,,,,,,,,,,,,,,,,,,,,,,,,,,,,,,,,,
390,Bellary,Hospet,Hampi,674 Monuments in Hampi Protected Area.,,,,,,,,,,,,,,,,,,,,,,,,,,,,,,,,,,,,,,,,,,,,,,,,,,,,,,,,,,,,,,,,,,
391,Bellary,Hospet,Jambunathana Hill,Jambunatheshwara Temple.,,,,,,,,,,,,,,,,,,,,,,,,,,,,,,,,,,,,,,,,,,,,,,,,,,,,,,,,,,,,,,,,,,
392,Bellary,Hospet,Kamalapur,Mantapa near Hallikere.,,,,,,,,,,,,,,,,,,,,,,,,,,,,,,,,,,,,,,,,,,,,,,,,,,,,,,,,,,,,,,,,,,
393,Bellary,Sandur,Krishnanagar,Krishnanagar Fort,,,,,,,,,,,,,,,,,,,,,,,,,,,,,,,,,,,,,,,,,,,,,,,,,,,,,,,,,,,,,,,,,,
394,Bidar,Basavakalyna,Basavakalyna,Fort.,,,,,,,,,,,,,,,,,,,,,,,,,,,,,,,,,,,,,,,,,,,,,,,,,,,,,,,,,,,,,,,,,,
395,Bidar,Bidar,Ashtur,Dargah of H. Kahalimullah (Choukhandi).,,,,,,,,,,,,,,,,,,,,,,,,,,,,,,,,,,,,,,,,,,,,,,,,,,,,,,,,,,,,,,,,,,
396,Bidar,Bidar,Bidar,Choubara.,,,,,,,,,,,,,,,,,,,,,,,,,,,,,,,,,,,,,,,,,,,,,,,,,,,,,,,,,,,,,,,,,,
397,Bidar,Bidar,Bidar,Farah Bagh Mosque and old Hindu Underground Tenple in its Vicinity.,,,,,,,,,,,,,,,,,,,,,,,,,,,,,,,,,,,,,,,,,,,,,,,,,,,,,,,,,,,,,,,,,,
398,Bidar,Bidar,Bidar,Kali Masjid.,,,,,,,,,,,,,,,,,,,,,,,,,,,,,,,,,,,,,,,,,,,,,,,,,,,,,,,,,,,,,,,,,,
399,Bidar,Bidar,Bidar,"Sadat spring, Savai and Dargah of H. Sayyid Us-Sadat.",,,,,,,,,,,,,,,,,,,,,,,,,,,,,,,,,,,,,,,,,,,,,,,,,,,,,,,,,,,,,,,,,,
400,Bidar,Bidar,Bidar,Maqhbara Mahmood Gavan.,,,,,,,,,,,,,,,,,,,,,,,,,,,,,,,,,,,,,,,,,,,,,,,,,,,,,,,,,,,,,,,,,,
401,Bidar,Bidar,Bidar,Pre-historic site.,,,,,,,,,,,,,,,,,,,,,,,,,,,,,,,,,,,,,,,,,,,,,,,,,,,,,,,,,,,,,,,,,,
402,Bidar,Bidar,Fatehpur,Amir Fakrul-Mulk Gilan’s Tomb.,,,,,,,,,,,,,,,,,,,,,,,,,,,,,,,,,,,,,,,,,,,,,,,,,,,,,,,,,,,,,,,,,,
403,Bidar,Humanabad,Jalasangvi,Ishwara Temple.,,,,,,,,,,,,,,,,,,,,,,,,,,,,,,,,,,,,,,,,,,,,,,,,,,,,,,,,,,,,,,,,,,
404,Bidar,Bidar Nagara ,Bidar Nagara ,Asta konakaradalliruva Bavi ,,,,,,,,,,,,,,,,,,,,,,,,,,,,,,,,,,,,,,,,,,,,,,,,,,,,,,,,,,,,,,,,,,
405,Uttarakannada,Ankola,Adlur,Idols.,,,,,,,,,,,,,,,,,,,,,,,,,,,,,,,,,,,,,,,,,,,,,,,,,,,,,,,,,,,,,,,,,,
406,Uttarakannada,Ankola,Alvara,Inscribed stones,,,,,,,,,,,,,,,,,,,,,,,,,,,,,,,,,,,,,,,,,,,,,,,,,,,,,,,,,,,,,,,,,,
407,Uttarakannada,Ankola,Ankola,Fort: Rudreshwara Temple.,,,,,,,,,,,,,,,,,,,,,,,,,,,,,,,,,,,,,,,,,,,,,,,,,,,,,,,,,,,,,,,,,,
408,Uttarakannada,Ankola,Aversa,Ship-shaped shrine of Kantradevi.,,,,,,,,,,,,,,,,,,,,,,,,,,,,,,,,,,,,,,,,,,,,,,,,,,,,,,,,,,,,,,,,,,
409,Uttarakannada,Ankola,Gangavalli,"Temples of Ganga, Kameshwara",,,,,,,,,,,,,,,,,,,,,,,,,,,,,,,,,,,,,,,,,,,,,,,,,,,,,,,,,,,,,,,,,,
410,Uttarakannada,Ankola,Mokta,Inscribed Stones.,,,,,,,,,,,,,,,,,,,,,,,,,,,,,,,,,,,,,,,,,,,,,,,,,,,,,,,,,,,,,,,,,,
411,Uttarakannada,Ankola,Moralli,Inscribed Stones.,,,,,,,,,,,,,,,,,,,,,,,,,,,,,,,,,,,,,,,,,,,,,,,,,,,,,,,,,,,,,,,,,,
412,Uttarakannada,Ankola,Murugadde,Old and small Temple.,,,,,,,,,,,,,,,,,,,,,,,,,,,,,,,,,,,,,,,,,,,,,,,,,,,,,,,,,,,,,,,,,,
413,Uttarakannada,Ankola,Shirgunji,Inscribed stones.,,,,,,,,,,,,,,,,,,,,,,,,,,,,,,,,,,,,,,,,,,,,,,,,,,,,,,,,,,,,,,,,,,
414,Uttarakannada,Ankola,Sunksal,One big stone called Rama Khan.,,,,,,,,,,,,,,,,,,,,,,,,,,,,,,,,,,,,,,,,,,,,,,,,,,,,,,,,,,,,,,,,,,
415,Uttarakannada,Ankola,Yasarkudige,Inscribed stones,,,,,,,,,,,,,,,,,,,,,,,,,,,,,,,,,,,,,,,,,,,,,,,,,,,,,,,,,,,,,,,,,,
416,Uttarakannada,Ankola,Kaikini,Losse stone sculptures near Jain Temple,,,,,,,,,,,,,,,,,,,,,,,,,,,,,,,,,,,,,,,,,,,,,,,,,,,,,,,,,,,,,,,,,,
417,Uttarakannada,Honnavara,Bailur,Lakshmidevi Temple,,,,,,,,,,,,,,,,,,,,,,,,,,,,,,,,,,,,,,,,,,,,,,,,,,,,,,,,,,,,,,,,,,
418,Uttarakannada,Honnavara,Haigund,Sacrificial Altars.,,,,,,,,,,,,,,,,,,,,,,,,,,,,,,,,,,,,,,,,,,,,,,,,,,,,,,,,,,,,,,,,,,
419,Uttarakannada,Honnavara,Haldipur,Temples.,,,,,,,,,,,,,,,,,,,,,,,,,,,,,,,,,,,,,,,,,,,,,,,,,,,,,,,,,,,,,,,,,,
420,Uttarakannada,Honnavara,Honnavara,Ramatirtha and Temple of Ramalinga Basavarajadurga.,,,,,,,,,,,,,,,,,,,,,,,,,,,,,,,,,,,,,,,,,,,,,,,,,,,,,,,,,,,,,,,,,,
421,Uttarakannada,Honnavara,Murdeswar,"Temple on Promontory called Kandugiri, 30 Virgals and Inscriptions",,,,,,,,,,,,,,,,,,,,,,,,,,,,,,,,,,,,,,,,,,,,,,,,,,,,,,,,,,,,,,,,,,
422,Uttarakannada,Honnavara,Sumkadgoli,"Ramalinga, Veerabhadradev Temple  with 2 Inscription slabs.",,,,,,,,,,,,,,,,,,,,,,,,,,,,,,,,,,,,,,,,,,,,,,,,,,,,,,,,,,,,,,,,,,
423,Uttarakannada,Honnavara,Supa,Ramalinga Temple.,,,,,,,,,,,,,,,,,,,,,,,,,,,,,,,,,,,,,,,,,,,,,,,,,,,,,,,,,,,,,,,,,,
424,Uttarakannada,Honnavara,Ulavi,Basaveshwara  Temple.,,,,,,,,,,,,,,,,,,,,,,,,,,,,,,,,,,,,,,,,,,,,,,,,,,,,,,,,,,,,,,,,,,
425,Uttarakannada,Honnavara,Angadi,Fort.,,,,,,,,,,,,,,,,,,,,,,,,,,,,,,,,,,,,,,,,,,,,,,,,,,,,,,,,,,,,,,,,,,
426,Uttarakannada,Karwar,Chitkula,"Sadashivgad, Savargad Fort",,,,,,,,,,,,,,,,,,,,,,,,,,,,,,,,,,,,,,,,,,,,,,,,,,,,,,,,,,,,,,,,,,
427,Uttarakannada,Karwar,Kadra,Shrine of Kutumahanji.,,,,,,,,,,,,,,,,,,,,,,,,,,,,,,,,,,,,,,,,,,,,,,,,,,,,,,,,,,,,,,,,,,
428,Uttarakannada,Karwar,Karwar,Old European Graves.,,,,,,,,,,,,,,,,,,,,,,,,,,,,,,,,,,,,,,,,,,,,,,,,,,,,,,,,,,,,,,,,,,
429,Uttarakannada,Karwar,Majali,Temple of Markiamma.,,,,,,,,,,,,,,,,,,,,,,,,,,,,,,,,,,,,,,,,,,,,,,,,,,,,,,,,,,,,,,,,,,
430,Uttarakannada,Karwar,Mudgeri,Temple of Naganath.,,,,,,,,,,,,,,,,,,,,,,,,,,,,,,,,,,,,,,,,,,,,,,,,,,,,,,,,,,,,,,,,,,
431,Uttarakannada,Karwar,Sadasivgad,Fort.,,,,,,,,,,,,,,,,,,,,,,,,,,,,,,,,,,,,,,,,,,,,,,,,,,,,,,,,,,,,,,,,,,
432,Uttarakannada,Karwar,Sanvara Gada,Fort.,,,,,,,,,,,,,,,,,,,,,,,,,,,,,,,,,,,,,,,,,,,,,,,,,,,,,,,,,,,,,,,,,,
433,Uttarakannada,Karwar,Shirve,Basaveshwara Idol at Shirve hill.,,,,,,,,,,,,,,,,,,,,,,,,,,,,,,,,,,,,,,,,,,,,,,,,,,,,,,,,,,,,,,,,,,
434,Uttarakannada,Karwar,Shirward,Haider Ghat.,,,,,,,,,,,,,,,,,,,,,,,,,,,,,,,,,,,,,,,,,,,,,,,,,,,,,,,,,,,,,,,,,,
435,Uttarakannada,Karwar,Shivesvar,Fort.,,,,,,,,,,,,,,,,,,,,,,,,,,,,,,,,,,,,,,,,,,,,,,,,,,,,,,,,,,,,,,,,,,
436,Uttarakannada,Karwar,Sidhapur,"Old Forts, two stone walls.",,,,,,,,,,,,,,,,,,,,,,,,,,,,,,,,,,,,,,,,,,,,,,,,,,,,,,,,,,,,,,,,,,
437,Uttarakannada,Kumta,Aghanashini,"Temples of Rameshwara, Mahadeva and Ganapathi.",,,,,,,,,,,,,,,,,,,,,,,,,,,,,,,,,,,,,,,,,,,,,,,,,,,,,,,,,,,,,,,,,,
438,Uttarakannada,Kumta,Devagiri,Dhareshwara; Dharanatha Temple.,,,,,,,,,,,,,,,,,,,,,,,,,,,,,,,,,,,,,,,,,,,,,,,,,,,,,,,,,,,,,,,,,,
439,Uttarakannada,Kumta,Dhareshwar,Mahadeva Temple with 4 Inscribed tablets.,,,,,,,,,,,,,,,,,,,,,,,,,,,,,,,,,,,,,,,,,,,,,,,,,,,,,,,,,,,,,,,,,,
440,Uttarakannada,Kumta,Gokarna,"Temple of Mahabaleshwara, Several Shrines and ponds.",,,,,,,,,,,,,,,,,,,,,,,,,,,,,,,,,,,,,,,,,,,,,,,,,,,,,,,,,,,,,,,,,,
441,Uttarakannada,Kumta,Mizaran,"Fort : 2 Inscriptions, figure of tiger.",,,,,,,,,,,,,,,,,,,,,,,,,,,,,,,,,,,,,,,,,,,,,,,,,,,,,,,,,,,,,,,,,,
442,Uttarakannada,Kumta,Yana,"Shrines of Mahadeva and Parvati, Cave with Bronze female figure",,,,,,,,,,,,,,,,,,,,,,,,,,,,,,,,,,,,,,,,,,,,,,,,,,,,,,,,,,,,,,,,,,
443,Uttarakannada,Kumta,Bilagi,Jain Temple of Parshwanatha with  inscribed stone.,,,,,,,,,,,,,,,,,,,,,,,,,,,,,,,,,,,,,,,,,,,,,,,,,,,,,,,,,,,,,,,,,,
444,Uttarakannada,Kumta,Hiregutti,Bhrammajataka Templne and Mahalingeswhara Temple,,,,,,,,,,,,,,,,,,,,,,,,,,,,,,,,,,,,,,,,,,,,,,,,,,,,,,,,,,,,,,,,,,
445,Uttarakannada,Siddapura,Iataga,Rameshwara Temple.,,,,,,,,,,,,,,,,,,,,,,,,,,,,,,,,,,,,,,,,,,,,,,,,,,,,,,,,,,,,,,,,,,
446,Uttarakannada,Siddapura,Konadali,"Forty Ponds, Temple of Kallamma.",,,,,,,,,,,,,,,,,,,,,,,,,,,,,,,,,,,,,,,,,,,,,,,,,,,,,,,,,,,,,,,,,,
447,Uttarakannada,Siddapura,Siddarakanni,Carved stones.,,,,,,,,,,,,,,,,,,,,,,,,,,,,,,,,,,,,,,,,,,,,,,,,,,,,,,,,,,,,,,,,,,
448,Uttarakannada,Siddapura,Siddapura,Inscriptions.,,,,,,,,,,,,,,,,,,,,,,,,,,,,,,,,,,,,,,,,,,,,,,,,,,,,,,,,,,,,,,,,,,
449,Uttarakannada,Siddapura,Kurmagada ,Narasimha Temple.,,,,,,,,,,,,,,,,,,,,,,,,,,,,,,,,,,,,,,,,,,,,,,,,,,,,,,,,,,,,,,,,,,
450,Uttarakannada,Siddapura,Matadevala,"Venkataramana Temple, Muttinakere & Shankaranarayana Temple.",,,,,,,,,,,,,,,,,,,,,,,,,,,,,,,,,,,,,,,,,,,,,,,,,,,,,,,,,,,,,,,,,,
451,Uttarakannada,Siddapura,Shirsi village,Musukina Bhavi.,,,,,,,,,,,,,,,,,,,,,,,,,,,,,,,,,,,,,,,,,,,,,,,,,,,,,,,,,,,,,,,,,,
452,Uttarakannada,Sadan,Sonda,"Mahanti mutt,",,,,,,,,,,,,,,,,,,,,,,,,,,,,,,,,,,,,,,,,,,,,,,,,,,,,,,,,,,,,,,,,,,
453,Uttarakannada,Sadan,Sonda," Gaddigi mutt,",,,,,,,,,,,,,,,,,,,,,,,,,,,,,,,,,,,,,,,,,,,,,,,,,,,,,,,,,,,,,,,,,,
454,Uttarakannada,Sadan,Sonda,"Venkataramana Temple, Hundehom for",,,,,,,,,,,,,,,,,,,,,,,,,,,,,,,,,,,,,,,,,,,,,,,,,,,,,,,,,,,,,,,,,,
455,Uttarakannada,Yellapur,Yallapura,Durga Temple.,,,,,,,,,,,,,,,,,,,,,,,,,,,,,,,,,,,,,,,,,,,,,,,,,,,,,,,,,,,,,,,,,,
456,Haveri,Byadagi,Byadagi,Rameshwara Temple with Inscription.,,,,,,,,,,,,,,,,,,,,,,,,,,,,,,,,,,,,,,,,,,,,,,,,,,,,,,,,,,,,,,,,,,
457,Haveri,Byadagi,Kadaramandalgi,Temple of Maruti Kantesh with Inscription.,,,,,,,,,,,,,,,,,,,,,,,,,,,,,,,,,,,,,,,,,,,,,,,,,,,,,,,,,,,,,,,,,,
458,Haveri,Byadagi,Kagineli,"Temples of Adikeshava, Kalahasteshwara, Lakshminarasimha, Sangameshwara, Someshwara, Veerabhadra, Inscriptions.",,,,,,,,,,,,,,,,,,,,,,,,,,,,,,,,,,,,,,,,,,,,,,,,,,,,,,,,,,,,,,,,,,
459,Haveri,Byadagi,Motebennur, Megalithic Burials,,,,,,,,,,,,,,,,,,,,,,,,,,,,,,,,,,,,,,,,,,,,,,,,,,,,,,,,,,,,,,,,,,
460,Haveri,Byadagi,Sidenur,Ishwardev Temple.,,,,,,,,,,,,,,,,,,,,,,,,,,,,,,,,,,,,,,,,,,,,,,,,,,,,,,,,,,,,,,,,,,
461,Haveri,Hanagal,Adur,"Temples of Kalleshwara, Mahadeva with Inscription and 2 other Inscriptions.",,,,,,,,,,,,,,,,,,,,,,,,,,,,,,,,,,,,,,,,,,,,,,,,,,,,,,,,,,,,,,,,,,
462,Haveri,Hanagal,Alur,Kalleshwara Temple with Inscriptions.,,,,,,,,,,,,,,,,,,,,,,,,,,,,,,,,,,,,,,,,,,,,,,,,,,,,,,,,,,,,,,,,,,
463,Haveri,Hanagal,Balihalli,"Temple of Mailardev, Malikarjuna and 11 Inscriptions.",,,,,,,,,,,,,,,,,,,,,,,,,,,,,,,,,,,,,,,,,,,,,,,,,,,,,,,,,,,,,,,,,,
464,Haveri,Hanagal,Balur,Temple of  Ramalinga with Inscription; Virgal.,,,,,,,,,,,,,,,,,,,,,,,,,,,,,,,,,,,,,,,,,,,,,,,,,,,,,,,,,,,,,,,,,,
465,Haveri,Hanagal,Belgal,Three Inscriptions,,,,,,,,,,,,,,,,,,,,,,,,,,,,,,,,,,,,,,,,,,,,,,,,,,,,,,,,,,,,,,,,,,
466,Haveri,Hanagal,Belavatti,"Black stone Temple of Gokuleshwara, With carved walls and 5 Inscriptions.",,,,,,,,,,,,,,,,,,,,,,,,,,,,,,,,,,,,,,,,,,,,,,,,,,,,,,,,,,,,,,,,,,
467,Haveri,Hanagal,Chikanji,Four Inscriptions outside Amritlinga Temple.,,,,,,,,,,,,,,,,,,,,,,,,,,,,,,,,,,,,,,,,,,,,,,,,,,,,,,,,,,,,,,,,,,
468,Haveri,Hanagal,Gajjihalli,Basaveshwara Temple with 2 Inscriptions.,,,,,,,,,,,,,,,,,,,,,,,,,,,,,,,,,,,,,,,,,,,,,,,,,,,,,,,,,,,,,,,,,,
469,Haveri,Hanagal,Herur,Basappa Temple with Virgal bearing Inscription.,,,,,,,,,,,,,,,,,,,,,,,,,,,,,,,,,,,,,,,,,,,,,,,,,,,,,,,,,,,,,,,,,,
470,Haveri,Hanagal,Hirebasur,Temples of Vishveshwara and hanuman- With Inscriptions.,,,,,,,,,,,,,,,,,,,,,,,,,,,,,,,,,,,,,,,,,,,,,,,,,,,,,,,,,,,,,,,,,,
471,Haveri,Hanagal,Hirur,Sangam Basaveshwara Temple with Inscriptions.,,,,,,,,,,,,,,,,,,,,,,,,,,,,,,,,,,,,,,,,,,,,,,,,,,,,,,,,,,,,,,,,,,
472,Haveri,Hanagal,Kalkeri,"Lingayat Temple of Basaveshwara, Temples of Lakshmi, Sarasvati, Someshwara.",,,,,,,,,,,,,,,,,,,,,,,,,,,,,,,,,,,,,,,,,,,,,,,,,,,,,,,,,,,,,,,,,,
473,Haveri,Hanagal,Kanchinegulur,Inscriptions.,,,,,,,,,,,,,,,,,,,,,,,,,,,,,,,,,,,,,,,,,,,,,,,,,,,,,,,,,,,,,,,,,,
474,Haveri,Hanagal,Kanneshwara,Kannappa Temple with 2 Inscriptions.,,,,,,,,,,,,,,,,,,,,,,,,,,,,,,,,,,,,,,,,,,,,,,,,,,,,,,,,,,,,,,,,,,
475,Haveri,Hanagal,Kargudri,Narayana Temple with Inscriptions; Inscribed stone with Brahmadev image.,,,,,,,,,,,,,,,,,,,,,,,,,,,,,,,,,,,,,,,,,,,,,,,,,,,,,,,,,,,,,,,,,,
476,Haveri,Hanagal,Kudal,Sangameshwara Temple with Inscription.,,,,,,,,,,,,,,,,,,,,,,,,,,,,,,,,,,,,,,,,,,,,,,,,,,,,,,,,,,,,,,,,,,
477,Haveri,Hanagal,Kuntanahalli,Basappa Temple with Inscription.,,,,,,,,,,,,,,,,,,,,,,,,,,,,,,,,,,,,,,,,,,,,,,,,,,,,,,,,,,,,,,,,,,
478,Haveri,Hanagal,Kyasanur,Inscription; Virgal.,,,,,,,,,,,,,,,,,,,,,,,,,,,,,,,,,,,,,,,,,,,,,,,,,,,,,,,,,,,,,,,,,,
479,Haveri,Hanagal,Madur,Brahma Temple with Virgal & Inscriptions.,,,,,,,,,,,,,,,,,,,,,,,,,,,,,,,,,,,,,,,,,,,,,,,,,,,,,,,,,,,,,,,,,,
480,Haveri,Hanagal,Makaravalli,Inscribed pillar called Garuda Khamba.,,,,,,,,,,,,,,,,,,,,,,,,,,,,,,,,,,,,,,,,,,,,,,,,,,,,,,,,,,,,,,,,,,
481,Haveri,Hanagal,Malgund,Kalleshwar Temple with Inscription.,,,,,,,,,,,,,,,,,,,,,,,,,,,,,,,,,,,,,,,,,,,,,,,,,,,,,,,,,,,,,,,,,,
482,Haveri,Hanagal,Mantgi,Inscription dated 1165.,,,,,,,,,,,,,,,,,,,,,,,,,,,,,,,,,,,,,,,,,,,,,,,,,,,,,,,,,,,,,,,,,,
483,Haveri,Hanagal,Nidshingi,Two inscriptions dated 1109 and 1110.,,,,,,,,,,,,,,,,,,,,,,,,,,,,,,,,,,,,,,,,,,,,,,,,,,,,,,,,,,,,,,,,,,
484,Haveri,Hanagal,Ramtirth,Inscription near Ramlinga Temple.,,,,,,,,,,,,,,,,,,,,,,,,,,,,,,,,,,,,,,,,,,,,,,,,,,,,,,,,,,,,,,,,,,
485,Haveri,Hanagal,Sarangi,Inscription in Kalleshwara Temple.,,,,,,,,,,,,,,,,,,,,,,,,,,,,,,,,,,,,,,,,,,,,,,,,,,,,,,,,,,,,,,,,,,
486,Haveri,Hanagal,Sirgod,Temples of Kalleshwara and Ishwara with Virgal and Inscription respectively.,,,,,,,,,,,,,,,,,,,,,,,,,,,,,,,,,,,,,,,,,,,,,,,,,,,,,,,,,,,,,,,,,,
487,Haveri,Hanagal,Tilavalli,Santeshwara Temple.,,,,,,,,,,,,,,,,,,,,,,,,,,,,,,,,,,,,,,,,,,,,,,,,,,,,,,,,,,,,,,,,,,
488,Haveri,Hanagal,Yalavatti,Rameshwara Temple with carvings; Jain Temple with Inscriptions.,,,,,,,,,,,,,,,,,,,,,,,,,,,,,,,,,,,,,,,,,,,,,,,,,,,,,,,,,,,,,,,,,,
489,Haveri,Hanagal,Yammiganur,Inscriptions and Virgals.,,,,,,,,,,,,,,,,,,,,,,,,,,,,,,,,,,,,,,,,,,,,,,,,,,,,,,,,,,,,,,,,,,
490,Haveri,Hanagal,Yelival,Dyamavva Temple.,,,,,,,,,,,,,,,,,,,,,,,,,,,,,,,,,,,,,,,,,,,,,,,,,,,,,,,,,,,,,,,,,,
491,Haveri,Hanagal,Yellur,Kallappa Temple with Inscriptions.,,,,,,,,,,,,,,,,,,,,,,,,,,,,,,,,,,,,,,,,,,,,,,,,,,,,,,,,,,,,,,,,,,
492,Haveri,Haveri,Agadi,Old Temple of Sri Jakkanacharya.,,,,,,,,,,,,,,,,,,,,,,,,,,,,,,,,,,,,,,,,,,,,,,,,,,,,,,,,,,,,,,,,,,
493,Haveri,Haveri,Bidgur,Hanuman Temple with 6 Inscriptions.,,,,,,,,,,,,,,,,,,,,,,,,,,,,,,,,,,,,,,,,,,,,,,,,,,,,,,,,,,,,,,,,,,
494,Haveri,Haveri,Devagiri,"Temples of  Hanuman, Basavanna, Yellamma; Inscriptions; Copper Plates.",,,,,,,,,,,,,,,,,,,,,,,,,,,,,,,,,,,,,,,,,,,,,,,,,,,,,,,,,,,,,,,,,,
495,Haveri,Haveri,Devihosur,"Temples of Banashankari, Basavanna and Bhogeshwra, Inscriptions.",,,,,,,,,,,,,,,,,,,,,,,,,,,,,,,,,,,,,,,,,,,,,,,,,,,,,,,,,,,,,,,,,,
496,Haveri,Haveri,Galaganath,"Temples of Gargeshwara, Hanumanta with Inscriptions.",,,,,,,,,,,,,,,,,,,,,,,,,,,,,,,,,,,,,,,,,,,,,,,,,,,,,,,,,,,,,,,,,,
497,Haveri,Haveri,Guttal,Chandrashekhar Temple with 2 Inscriptions.,,,,,,,,,,,,,,,,,,,,,,,,,,,,,,,,,,,,,,,,,,,,,,,,,,,,,,,,,,,,,,,,,,
498,Haveri,Haveri,Haralhalli,"Temples of Someshwara, Kaleshwara And Udachamma; Inscriptions, Copper plate.",,,,,,,,,,,,,,,,,,,,,,,,,,,,,,,,,,,,,,,,,,,,,,,,,,,,,,,,,,,,,,,,,,
499,Haveri,Haveri,Hattimattur,Inscribed tablet.,,,,,,,,,,,,,,,,,,,,,,,,,,,,,,,,,,,,,,,,,,,,,,,,,,,,,,,,,,,,,,,,,,
500,Haveri,Haveri,Haveri,"Temple of Siddeshwara, Halevur Basavanna, Kalappa.",,,,,,,,,,,,,,,,,,,,,,,,,,,,,,,,,,,,,,,,,,,,,,,,,,,,,,,,,,,,,,,,,,
501,Haveri,Haveri,Kannavalli,Old Temples of Parameshwara and Bhogesh; 3 Inscriptions in villages,,,,,,,,,,,,,,,,,,,,,,,,,,,,,,,,,,,,,,,,,,,,,,,,,,,,,,,,,,,,,,,,,,
502,Haveri,Haveri,Karajgi,Stone Temple of Jakkanacharya style.,,,,,,,,,,,,,,,,,,,,,,,,,,,,,,,,,,,,,,,,,,,,,,,,,,,,,,,,,,,,,,,,,,
503,Haveri,Haveri,Mallur,Stone Temple of Jakkanacharya style.,,,,,,,,,,,,,,,,,,,,,,,,,,,,,,,,,,,,,,,,,,,,,,,,,,,,,,,,,,,,,,,,,,
504,Haveri,Haveri,Sangur,Inscriptions.,,,,,,,,,,,,,,,,,,,,,,,,,,,,,,,,,,,,,,,,,,,,,,,,,,,,,,,,,,,,,,,,,,
505,Haveri,Haveri,Sangur,Ishwara Temple.,,,,,,,,,,,,,,,,,,,,,,,,,,,,,,,,,,,,,,,,,,,,,,,,,,,,,,,,,,,,,,,,,,
506,Haveri,Hirekerur,Ablur,Temples of Basappa and Somanatha with Inscriptions.,,,,,,,,,,,,,,,,,,,,,,,,,,,,,,,,,,,,,,,,,,,,,,,,,,,,,,,,,,,,,,,,,,
507,Haveri,Hirekerur,Arlikatti,Three Inscriptions in old Kannada.,,,,,,,,,,,,,,,,,,,,,,,,,,,,,,,,,,,,,,,,,,,,,,,,,,,,,,,,,,,,,,,,,,
508,Haveri,Hirekerur,Balambid,Temple of Vishaparihareshwara and Basava,,,,,,,,,,,,,,,,,,,,,,,,,,,,,,,,,,,,,,,,,,,,,,,,,,,,,,,,,,,,,,,,,,
509,Haveri,Hirekerur,Bannihatti,With Inscriptions.,,,,,,,,,,,,,,,,,,,,,,,,,,,,,,,,,,,,,,,,,,,,,,,,,,,,,,,,,,,,,,,,,,
510,Haveri,Hirekerur,Betkeruru,Inscriptions,,,,,,,,,,,,,,,,,,,,,,,,,,,,,,,,,,,,,,,,,,,,,,,,,,,,,,,,,,,,,,,,,,
511,Haveri,Hirekerur,Chapardhalli,Hanuman Temple,,,,,,,,,,,,,,,,,,,,,,,,,,,,,,,,,,,,,,,,,,,,,,,,,,,,,,,,,,,,,,,,,,
512,Haveri,Hirekerur,Chikkerur,"Temples of Banashankari, Hanumanta, Sonmeshwara with Inscription; Virgals.",,,,,,,,,,,,,,,,,,,,,,,,,,,,,,,,,,,,,,,,,,,,,,,,,,,,,,,,,,,,,,,,,,
513,Haveri,Hirekerur,Chinmulgund,Temples of Shikkeshwara; underground Cave; two Inscriptions.,,,,,,,,,,,,,,,,,,,,,,,,,,,,,,,,,,,,,,,,,,,,,,,,,,,,,,,,,,,,,,,,,,
514,Haveri,Hirekerur,Hallur,Ranganatha Temple with Inscription.,,,,,,,,,,,,,,,,,,,,,,,,,,,,,,,,,,,,,,,,,,,,,,,,,,,,,,,,,,,,,,,,,,
515,Haveri,Hirekerur,Hansbhavi,Virgal dated 1206; Ishwara Temple with Inscriptions.,,,,,,,,,,,,,,,,,,,,,,,,,,,,,,,,,,,,,,,,,,,,,,,,,,,,,,,,,,,,,,,,,,
516,Haveri,Hirekerur,Heggeri,Kalappa Temple with Inscriptions.,,,,,,,,,,,,,,,,,,,,,,,,,,,,,,,,,,,,,,,,,,,,,,,,,,,,,,,,,,,,,,,,,,
517,Haveri,Hirekerur,Herenji,Veerabhadra Temple and Inscriptions.,,,,,,,,,,,,,,,,,,,,,,,,,,,,,,,,,,,,,,,,,,,,,,,,,,,,,,,,,,,,,,,,,,
518,Haveri,Hirekerur,Hirechalli,Temple of Ganapathi and Inscribed slab.,,,,,,,,,,,,,,,,,,,,,,,,,,,,,,,,,,,,,,,,,,,,,,,,,,,,,,,,,,,,,,,,,,
519,Haveri,Hirekerur,Hirekabbur,Inscriptions in the field of  Badgunds.,,,,,,,,,,,,,,,,,,,,,,,,,,,,,,,,,,,,,,,,,,,,,,,,,,,,,,,,,,,,,,,,,,
520,Haveri,Hirekerur,Hirekerur,"Temples of Durga, Totada Veerabhadra, Varah, Kaleshwara, Vishaparihareshwara; 11 Inscriptions.",,,,,,,,,,,,,,,,,,,,,,,,,,,,,,,,,,,,,,,,,,,,,,,,,,,,,,,,,,,,,,,,,,
521,Haveri,Hirekerur,Hosahalli,Mallappa Temple with 2 Inscriptions.,,,,,,,,,,,,,,,,,,,,,,,,,,,,,,,,,,,,,,,,,,,,,,,,,,,,,,,,,,,,,,,,,,
522,Haveri,Hirekerur,Ingalgondi,Kalleshwara Temple with Inscriptions; Sati Stone.,,,,,,,,,,,,,,,,,,,,,,,,,,,,,,,,,,,,,,,,,,,,,,,,,,,,,,,,,,,,,,,,,,
523,Haveri,Hirekerur,Kachvi,Temples of Bimeshwara and Ganappa with Viragal and Inscription respectivesly.,,,,,,,,,,,,,,,,,,,,,,,,,,,,,,,,,,,,,,,,,,,,,,,,,,,,,,,,,,,,,,,,,,
524,Haveri,Hirekerur,Kadur,Temple Inscription.,,,,,,,,,,,,,,,,,,,,,,,,,,,,,,,,,,,,,,,,,,,,,,,,,,,,,,,,,,,,,,,,,,
525,Haveri,Hirekerur,Kanvisidgeri,Kanvi Siddeshwara Temple with Inscriptions.,,,,,,,,,,,,,,,,,,,,,,,,,,,,,,,,,,,,,,,,,,,,,,,,,,,,,,,,,,,,,,,,,,
526,Haveri,Hirekerur,Kirigeri,Hanuman Temple.,,,,,,,,,,,,,,,,,,,,,,,,,,,,,,,,,,,,,,,,,,,,,,,,,,,,,,,,,,,,,,,,,,
527,Haveri,Hirekerur,Kod,Hanuman Temple with old Kannada Inscription.,,,,,,,,,,,,,,,,,,,,,,,,,,,,,,,,,,,,,,,,,,,,,,,,,,,,,,,,,,,,,,,,,,
528,Haveri,Hirekerur,Kodhigi,Temples of Bayala Basappa and Siddarameshwara with Inscriptions.,,,,,,,,,,,,,,,,,,,,,,,,,,,,,,,,,,,,,,,,,,,,,,,,,,,,,,,,,,,,,,,,,,
529,Haveri,Hirekerur,Madag (Masur),Large artificial Tank.,,,,,,,,,,,,,,,,,,,,,,,,,,,,,,,,,,,,,,,,,,,,,,,,,,,,,,,,,,,,,,,,,,
530,Haveri,Hirekerur,Masanigi,Inscriptions.,,,,,,,,,,,,,,,,,,,,,,,,,,,,,,,,,,,,,,,,,,,,,,,,,,,,,,,,,,,,,,,,,,
531,Haveri,Hirekerur,Masur,Visvanath Temple.,,,,,,,,,,,,,,,,,,,,,,,,,,,,,,,,,,,,,,,,,,,,,,,,,,,,,,,,,,,,,,,,,,
532,Haveri,Hirekerur,Masur,Ramdev Temple.,,,,,,,,,,,,,,,,,,,,,,,,,,,,,,,,,,,,,,,,,,,,,,,,,,,,,,,,,,,,,,,,,,
533,Haveri,Hirekerur,Medur,Temples of Billeshwara and Basappa with,,,,,,,,,,,,,,,,,,,,,,,,,,,,,,,,,,,,,,,,,,,,,,,,,,,,,,,,,,,,,,,,,,
534,Haveri,Hirekerur,Muttur,Hero-stone and Inscriptions respectively. Shiva Temple with Virgal and Inscriptions.,,,,,,,,,,,,,,,,,,,,,,,,,,,,,,,,,,,,,,,,,,,,,,,,,,,,,,,,,,,,,,,,,,
535,Haveri,Hirekerur,Nagvand,Inscription dated 1120.,,,,,,,,,,,,,,,,,,,,,,,,,,,,,,,,,,,,,,,,,,,,,,,,,,,,,,,,,,,,,,,,,,
536,Haveri,Hirekerur,Nidnegil,"Kalleshwara Temple, 15 carved stones.",,,,,,,,,,,,,,,,,,,,,,,,,,,,,,,,,,,,,,,,,,,,,,,,,,,,,,,,,,,,,,,,,,
537,Haveri,Hirekerur,Santenahalli,"Temples of Ramlingadeva, Basavadeva, Santideva.",,,,,,,,,,,,,,,,,,,,,,,,,,,,,,,,,,,,,,,,,,,,,,,,,,,,,,,,,,,,,,,,,,
538,Haveri,Hirekerur,Sittikend,Inscribed stone; Sati stone.,,,,,,,,,,,,,,,,,,,,,,,,,,,,,,,,,,,,,,,,,,,,,,,,,,,,,,,,,,,,,,,,,,
539,Haveri,Hirekerur,Varahi,Kalleshwara Temple with Virgal and Inscriptions,,,,,,,,,,,,,,,,,,,,,,,,,,,,,,,,,,,,,,,,,,,,,,,,,,,,,,,,,,,,,,,,,,
540,Haveri,Hirekerur,Vaudenpur,Inscribed stones.,,,,,,,,,,,,,,,,,,,,,,,,,,,,,,,,,,,,,,,,,,,,,,,,,,,,,,,,,,,,,,,,,,
541,Haveri,Ranibennur,Alrani,Fort.,,,,,,,,,,,,,,,,,,,,,,,,,,,,,,,,,,,,,,,,,,,,,,,,,,,,,,,,,,,,,,,,,,
542,Haveri,Ranibennur,Aniveri,Kallappa Temple with Inscriptions.,,,,,,,,,,,,,,,,,,,,,,,,,,,,,,,,,,,,,,,,,,,,,,,,,,,,,,,,,,,,,,,,,,
543,Haveri,Ranibennur,Asundi,Temples of Kalleshwara with Inscriptions.,,,,,,,,,,,,,,,,,,,,,,,,,,,,,,,,,,,,,,,,,,,,,,,,,,,,,,,,,,,,,,,,,,
544,Haveri,Ranibennur,Benkankond,Kalmeshwara Temple with 4 Inscriptions.,,,,,,,,,,,,,,,,,,,,,,,,,,,,,,,,,,,,,,,,,,,,,,,,,,,,,,,,,,,,,,,,,,
545,Haveri,Ranibennur,Bidarkatti,Sangameshwara Temple with Inscriptions.,,,,,,,,,,,,,,,,,,,,,,,,,,,,,,,,,,,,,,,,,,,,,,,,,,,,,,,,,,,,,,,,,,
546,Haveri,Ranibennur,Gudguddapur,Temple of  Mailara;  Shrines to goddess Mallasanna and Mallaridevi.,,,,,,,,,,,,,,,,,,,,,,,,,,,,,,,,,,,,,,,,,,,,,,,,,,,,,,,,,,,,,,,,,,
547,Haveri,Ranibennur,Harihar,Harihar Temple with numerous Inscriptions.,,,,,,,,,,,,,,,,,,,,,,,,,,,,,,,,,,,,,,,,,,,,,,,,,,,,,,,,,,,,,,,,,,
548,Haveri,Ranibennur,Harogopp,Hanuman Temple with worn Inscriptions.,,,,,,,,,,,,,,,,,,,,,,,,,,,,,,,,,,,,,,,,,,,,,,,,,,,,,,,,,,,,,,,,,,
549,Haveri,Ranibennur,Hirebidri,Old Temple with 3 Inscriptions.,,,,,,,,,,,,,,,,,,,,,,,,,,,,,,,,,,,,,,,,,,,,,,,,,,,,,,,,,,,,,,,,,,
550,Haveri,Ranibennur,Holianveri,Kalappa Temple with Inscription.,,,,,,,,,,,,,,,,,,,,,,,,,,,,,,,,,,,,,,,,,,,,,,,,,,,,,,,,,,,,,,,,,,
551,Haveri,Ranibennur,Honnatti,Temples with Inscriptions.,,,,,,,,,,,,,,,,,,,,,,,,,,,,,,,,,,,,,,,,,,,,,,,,,,,,,,,,,,,,,,,,,,
552,Haveri,Ranibennur,Hulihalli,Two Temples of Rameshwara with Inscriptions.,,,,,,,,,,,,,,,,,,,,,,,,,,,,,,,,,,,,,,,,,,,,,,,,,,,,,,,,,,,,,,,,,,
553,Haveri,Ranibennur,Kolar,Basavanna Temple.,,,,,,,,,,,,,,,,,,,,,,,,,,,,,,,,,,,,,,,,,,,,,,,,,,,,,,,,,,,,,,,,,,
554,Haveri,Ranibennur,Ranibennur,"Siddheshwara Temple, Tomb of  Muslim Saint",,,,,,,,,,,,,,,,,,,,,,,,,,,,,,,,,,,,,,,,,,,,,,,,,,,,,,,,,,,,,,,,,,
555,Haveri,Ranibennur,Ukkund,Kalleshwara Temple with old Kannada Inscription slab.,,,,,,,,,,,,,,,,,,,,,,,,,,,,,,,,,,,,,,,,,,,,,,,,,,,,,,,,,,,,,,,,,,
556,Haveri,Savanuru,Gundur,Inscriptions.,,,,,,,,,,,,,,,,,,,,,,,,,,,,,,,,,,,,,,,,,,,,,,,,,,,,,,,,,,,,,,,,,,
557,Haveri,Savanuru,Huslikop,"Ishwara Temple with Inscription, 3 Inscriptions in village.",,,,,,,,,,,,,,,,,,,,,,,,,,,,,,,,,,,,,,,,,,,,,,,,,,,,,,,,,,,,,,,,,,
558,Haveri,Savanuru,Huvinashigli,Hanuman Temple with 2 Inscriptions.,,,,,,,,,,,,,,,,,,,,,,,,,,,,,,,,,,,,,,,,,,,,,,,,,,,,,,,,,,,,,,,,,,
559,Haveri,Savanuru,Manthrodi,Three Inscriptions.,,,,,,,,,,,,,,,,,,,,,,,,,,,,,,,,,,,,,,,,,,,,,,,,,,,,,,,,,,,,,,,,,,
560,Haveri,Shiggaon,Artal,Several Temples and Inscriptions.,,,,,,,,,,,,,,,,,,,,,,,,,,,,,,,,,,,,,,,,,,,,,,,,,,,,,,,,,,,,,,,,,,
561,Haveri,Shiggaon,Bannikop,Temple of Dharmaraya with Inscription.,,,,,,,,,,,,,,,,,,,,,,,,,,,,,,,,,,,,,,,,,,,,,,,,,,,,,,,,,,,,,,,,,,
562,Haveri,Shiggaon,Ganjigatti,Large carved ceiling panel showing the 8 Regents of the points of compass.,,,,,,,,,,,,,,,,,,,,,,,,,,,,,,,,,,,,,,,,,,,,,,,,,,,,,,,,,,,,,,,,,,
563,Haveri,Shiggaon,Hungund,Broken Inscriptions.,,,,,,,,,,,,,,,,,,,,,,,,,,,,,,,,,,,,,,,,,,,,,,,,,,,,,,,,,,,,,,,,,,
564,Haveri,Shiggaon,Kalyan,Tomb of Muslim saint with Inscription.,,,,,,,,,,,,,,,,,,,,,,,,,,,,,,,,,,,,,,,,,,,,,,,,,,,,,,,,,,,,,,,,,,
565,Haveri,Shiggaon,Manakatti,Solabeshwara Temple with Inscription.,,,,,,,,,,,,,,,,,,,,,,,,,,,,,,,,,,,,,,,,,,,,,,,,,,,,,,,,,,,,,,,,,,
566,Haveri,Shiggaon,Munavalli,Three Inscriptions.,,,,,,,,,,,,,,,,,,,,,,,,,,,,,,,,,,,,,,,,,,,,,,,,,,,,,,,,,,,,,,,,,,
567,Haveri,Shiggaon,Nidagundi,Narayanadeva Temple; 5 Inscribed stones.,,,,,,,,,,,,,,,,,,,,,,,,,,,,,,,,,,,,,,,,,,,,,,,,,,,,,,,,,,,,,,,,,,
568,Haveri,Shiggaon,Sabalur,Ishwara Temple.,,,,,,,,,,,,,,,,,,,,,,,,,,,,,,,,,,,,,,,,,,,,,,,,,,,,,,,,,,,,,,,,,,
569,Haveri,Shiggaon,Shiggaon,Temples of Kalmeshwara and Basappa 10 Inscriptions.,,,,,,,,,,,,,,,,,,,,,,,,,,,,,,,,,,,,,,,,,,,,,,,,,,,,,,,,,,,,,,,,,,
570,Haveri,Shiggaon,Tadas,Four Inscription slabs.,,,,,,,,,,,,,,,,,,,,,,,,,,,,,,,,,,,,,,,,,,,,,,,,,,,,,,,,,,,,,,,,,,
571,Haveri,Shiggaon,Hulgur,Inscriptions.,,,,,,,,,,,,,,,,,,,,,,,,,,,,,,,,,,,,,,,,,,,,,,,,,,,,,,,,,,,,,,,,,,
572,Haveri,Shiggaon,Vanahalli,Ishwara Temple with Inscription.,,,,,,,,,,,,,,,,,,,,,,,,,,,,,,,,,,,,,,,,,,,,,,,,,,,,,,,,,,,,,,,,,,
573,Haveri,Shiggaon,Yadalabad,Ramalinga Temple.,,,,,,,,,,,,,,,,,,,,,,,,,,,,,,,,,,,,,,,,,,,,,,,,,,,,,,,,,,,,,,,,,,
574,Bagalkote,Badami,Anwal ,"Temples of Anantha, Maruti, Ramalinga.",,,,,,,,,,,,,,,,,,,,,,,,,,,,,,,,,,,,,,,,,,,,,,,,,,,,,,,,,,,,,,,,,,
575,Bagalkote,Badami,          Gudur,Old Temple of Kameshwara.,,,,,,,,,,,,,,,,,,,,,,,,,,,,,,,,,,,,,,,,,,,,,,,,,,,,,,,,,,,,,,,,,,
576,Bagalkote,Badami,Kelwadi,Temple of Ranganatha with Kannada Inscriptions. Temple of Maruti.,,,,,,,,,,,,,,,,,,,,,,,,,,,,,,,,,,,,,,,,,,,,,,,,,,,,,,,,,,,,,,,,,,
577,Bagalkote,Badami,Kerur,Fort; Temples,,,,,,,,,,,,,,,,,,,,,,,,,,,,,,,,,,,,,,,,,,,,,,,,,,,,,,,,,,,,,,,,,,
578,Bagalkote,Badami,Mushtageri,"Temples of Hanumantha, Honnavva, Devakod Hanumappa; 2 Srines of Basava",,,,,,,,,,,,,,,,,,,,,,,,,,,,,,,,,,,,,,,,,,,,,,,,,,,,,,,,,,,,,,,,,,
579,Bagalkote,Badami,Nagaral Samat,Chikkamahakuteshwara Temple.,,,,,,,,,,,,,,,,,,,,,,,,,,,,,,,,,,,,,,,,,,,,,,,,,,,,,,,,,,,,,,,,,,
580,Bagalkote,Badami,Gaddankeri,Tomb of Prophets Malyappa and Monappa.,,,,,,,,,,,,,,,,,,,,,,,,,,,,,,,,,,,,,,,,,,,,,,,,,,,,,,,,,,,,,,,,,,
581,Bagalkote,Badami,Mankni,Ishwara Temple with stone tablet.,,,,,,,,,,,,,,,,,,,,,,,,,,,,,,,,,,,,,,,,,,,,,,,,,,,,,,,,,,,,,,,,,,
582,Bagalkote,Bagalkote,Siruru,"Temples of Ramalinga, Lakshmi, Lakshminarayana.",,,,,,,,,,,,,,,,,,,,,,,,,,,,,,,,,,,,,,,,,,,,,,,,,,,,,,,,,,,,,,,,,,
583,Bagalkote,Bagalkote,Tulsigeri,Maruthi Temple.,,,,,,,,,,,,,,,,,,,,,,,,,,,,,,,,,,,,,,,,,,,,,,,,,,,,,,,,,,,,,,,,,,
584,Bagalkote,Bagalkote,Bilagi,"Arettina Bavi with Inscriptions, Rajana Bavi  in Town with Inscriptions, pond and  Siddheswara  Temple",,,,,,,,,,,,,,,,,,,,,,,,,,,,,,,,,,,,,,,,,,,,,,,,,,,,,,,,,,,,,,,,,,
585,Bagalkote,Bagalkote,Galgali,Large Temple on the bed of Krishna and Yellamma temple,,,,,,,,,,,,,,,,,,,,,,,,,,,,,,,,,,,,,,,,,,,,,,,,,,,,,,,,,,,,,,,,,,
586,Bagalkote,Bagalkote,Kundaragi,Temple of Hanumantha and Shiva.,,,,,,,,,,,,,,,,,,,,,,,,,,,,,,,,,,,,,,,,,,,,,,,,,,,,,,,,,,,,,,,,,,
587,Bagalkote,Hunagund,Aihole,Shiva Temple.,,,,,,,,,,,,,,,,,,,,,,,,,,,,,,,,,,,,,,,,,,,,,,,,,,,,,,,,,,,,,,,,,,
588,Bagalkote,Hunagund,Gaddankeri,"Temples of Dhaneshwara, Maruti.",,,,,,,,,,,,,,,,,,,,,,,,,,,,,,,,,,,,,,,,,,,,,,,,,,,,,,,,,,,,,,,,,,
589,Bagalkote,Hunagund,Hunagunda,Antiquites of Jain Temple ,,,,,,,,,,,,,,,,,,,,,,,,,,,,,,,,,,,,,,,,,,,,,,,,,,,,,,,,,,,,,,,,,,
590,Bagalkote,Hunagund,Karadi,"Three Temples, probably Jain, Three Old ",,,,,,,,,,,,,,,,,,,,,,,,,,,,,,,,,,,,,,,,,,,,,,,,,,,,,,,,,,,,,,,,,,
591,Hunagund,Hunagund,Nagaral,Inscription 4’ long.,,,,,,,,,,,,,,,,,,,,,,,,,,,,,,,,,,,,,,,,,,,,,,,,,,,,,,,,,,,,,,,,,,
592,Bagalkote,Hunagund,Rakkasagi,Kalappa Temple.,,,,,,,,,,,,,,,,,,,,,,,,,,,,,,,,,,,,,,,,,,,,,,,,,,,,,,,,,,,,,,,,,,
593,Bagalkote,Hunagund,Sangam,Sangameshwara Temple.,,,,,,,,,,,,,,,,,,,,,,,,,,,,,,,,,,,,,,,,,,,,,,,,,,,,,,,,,,,,,,,,,,
594,Jamakandi,Jamakandi,Ramthritha,Ramathirtha Palace ,,,,,,,,,,,,,,,,,,,,,,,,,,,,,,,,,,,,,,,,,,,,,,,,,,,,,,,,,,,,,,,,,,
595,Mudola ,Mudola ,Bevoor,Eswhara Temple ,,,,,,,,,,,,,,,,,,,,,,,,,,,,,,,,,,,,,,,,,,,,,,,,,,,,,,,,,,,,,,,,,,
596,Dharwad,Dharwad,Aminbhavi,Jain Temple of Neminath.,,,,,,,,,,,,,,,,,,,,,,,,,,,,,,,,,,,,,,,,,,,,,,,,,,,,,,,,,,,,,,,,,,
597,Dharwad,Dharwad,Aminbhavi,Shaiva Temple of Sri Kalmeshwara.,,,,,,,,,,,,,,,,,,,,,,,,,,,,,,,,,,,,,,,,,,,,,,,,,,,,,,,,,,,,,,,,,,
598,Dharwad,Dharwad,Aminbhavi,Mallikarjuna Temple and Inscriptions.,,,,,,,,,,,,,,,,,,,,,,,,,,,,,,,,,,,,,,,,,,,,,,,,,,,,,,,,,,,,,,,,,,
599,Dharwad,Dharwad,Bhavihal,Siddeshwara Temple with pillars and Inscriptions.,,,,,,,,,,,,,,,,,,,,,,,,,,,,,,,,,,,,,,,,,,,,,,,,,,,,,,,,,,,,,,,,,,
600,Dharwad,Dharwad,Boukyapur,Veerabhadradeva Temple with Inscriptions.,,,,,,,,,,,,,,,,,,,,,,,,,,,,,,,,,,,,,,,,,,,,,,,,,,,,,,,,,,,,,,,,,,
601,Dharwad,Dharwad,Devara Hubli,Ranganatha Temple.,,,,,,,,,,,,,,,,,,,,,,,,,,,,,,,,,,,,,,,,,,,,,,,,,,,,,,,,,,,,,,,,,,
602,Dharwad,Dharwad,Dharwad,Europian Cemetery.,,,,,,,,,,,,,,,,,,,,,,,,,,,,,,,,,,,,,,,,,,,,,,,,,,,,,,,,,,,,,,,,,,
603,Dharwad,Dharwad,Kurdapur,"Lingayat Temples of Veerabhadra,Someshwara, Siddhalinga.",,,,,,,,,,,,,,,,,,,,,,,,,,,,,,,,,,,,,,,,,,,,,,,,,,,,,,,,,,,,,,,,,,
604,Dharwad,Dharwad,Madanabhavi,Temples of Kallappadeva & Ramalingadeva ,,,,,,,,,,,,,,,,,,,,,,,,,,,,,,,,,,,,,,,,,,,,,,,,,,,,,,,,,,,,,,,,,,
605,Dharwad,Dharwad,Managundi,Temples of Siddhalinga & Kalmeshwara With Inscriptions.,,,,,,,,,,,,,,,,,,,,,,,,,,,,,,,,,,,,,,,,,,,,,,,,,,,,,,,,,,,,,,,,,,
606,Dharwad,Hubli,Byrahatti,Veerabhadra Temple with Inscription.,,,,,,,,,,,,,,,,,,,,,,,,,,,,,,,,,,,,,,,,,,,,,,,,,,,,,,,,,,,,,,,,,,
607,Dharwad,Hubli,Chabbi,Mallikarjuna and Netagalla Basavanna Temple.,,,,,,,,,,,,,,,,,,,,,,,,,,,,,,,,,,,,,,,,,,,,,,,,,,,,,,,,,,,,,,,,,,
608,Dharwad,Hubli,Hubli,Shambulinga Temple with Inscriptions.,,,,,,,,,,,,,,,,,,,,,,,,,,,,,,,,,,,,,,,,,,,,,,,,,,,,,,,,,,,,,,,,,,
609,Dharwad,Hubli,Hubli,"Old town-3 Brahmanical and 2 Lingayat Temples, Mosques; New Hubli-15 Brahmanical, 5 Lingayat, 1 Jain Temples;Monastories, old and new fort.",,,,,,,,,,,,,,,,,,,,,,,,,,,,,,,,,,,,,,,,,,,,,,,,,,,,,,,,,,,,,,,,,,
610,Dharwad,Hubli,Sulla,Kalmeshwara Temple with 4 Inscriptions.,,,,,,,,,,,,,,,,,,,,,,,,,,,,,,,,,,,,,,,,,,,,,,,,,,,,,,,,,,,,,,,,,,
611,Dharwad,Hubli,Unkal,"Veerabhadra Temple, 3 Inscriptions.",,,,,,,,,,,,,,,,,,,,,,,,,,,,,,,,,,,,,,,,,,,,,,,,,,,,,,,,,,,,,,,,,,
612,Dharwad,Hubli,Yerguppi,Narayan Temple with stone Inscriptions.,,,,,,,,,,,,,,,,,,,,,,,,,,,,,,,,,,,,,,,,,,,,,,,,,,,,,,,,,,,,,,,,,,
613,Dharwad,Kalaghatagi,Belavantra,Two Inscriptions.,,,,,,,,,,,,,,,,,,,,,,,,,,,,,,,,,,,,,,,,,,,,,,,,,,,,,,,,,,,,,,,,,,
614,Dharwad,Kalaghatagi,Chalmatti,Temple of Budangudden called Ajavankatti.,,,,,,,,,,,,,,,,,,,,,,,,,,,,,,,,,,,,,,,,,,,,,,,,,,,,,,,,,,,,,,,,,,
615,Dharwad,Kalaghatagi,Kamdhenu,Kalmeshwara  Temple;2 Inscriptions.,,,,,,,,,,,,,,,,,,,,,,,,,,,,,,,,,,,,,,,,,,,,,,,,,,,,,,,,,,,,,,,,,,
616,Dharwad,Kalaghatagi,Misrikoti,Rameshwara Temple with Inscriptions.,,,,,,,,,,,,,,,,,,,,,,,,,,,,,,,,,,,,,,,,,,,,,,,,,,,,,,,,,,,,,,,,,,
617,Dharwad,Kalaghatagi,Tambur,Carved and Inscribed slabs.,,,,,,,,,,,,,,,,,,,,,,,,,,,,,,,,,,,,,,,,,,,,,,,,,,,,,,,,,,,,,,,,,,
618,Dharwad,Kundagol,Chikkanarti,Kalmeshwara Temple with stone Inscriptions.,,,,,,,,,,,,,,,,,,,,,,,,,,,,,,,,,,,,,,,,,,,,,,,,,,,,,,,,,,,,,,,,,,
619,Dharwad,Kundagol,Kalas,Naryanadev Temple with 5 Inscriptions.,,,,,,,,,,,,,,,,,,,,,,,,,,,,,,,,,,,,,,,,,,,,,,,,,,,,,,,,,,,,,,,,,,
620,Dharwad,Kundagol,Kundagol,Shambulinga Temple.,,,,,,,,,,,,,,,,,,,,,,,,,,,,,,,,,,,,,,,,,,,,,,,,,,,,,,,,,,,,,,,,,,
621,Dharwad,     Navalgund,Belvatagi,Ruined Temple of Ramlinga with three Inscriptions.,,,,,,,,,,,,,,,,,,,,,,,,,,,,,,,,,,,,,,,,,,,,,,,,,,,,,,,,,,,,,,,,,,
622,Dharwad,     Navalgund,Navalli,Kalmeshwaradeva Temple with Inscriptions.,,,,,,,,,,,,,,,,,,,,,,,,,,,,,,,,,,,,,,,,,,,,,,,,,,,,,,,,,,,,,,,,,,
623,Dharwad,     Navalgund,Naragunda ,Baba Sahebara Palace ,,,,,,,,,,,,,,,,,,,,,,,,,,,,,,,,,,,,,,,,,,,,,,,,,,,,,,,,,,,,,,,,,,
624,Vijayapura,    Bagewadi,Bagewadi,"Temples of Basaveshwaram, Rameshwara",,,,,,,,,,,,,,,,,,,,,,,,,,,,,,,,,,,,,,,,,,,,,,,,,,,,,,,,,,,,,,,,,,
625,Vijayapura,    Bagewadi,Chimmalgi,Basavanna Well.,,,,,,,,,,,,,,,,,,,,,,,,,,,,,,,,,,,,,,,,,,,,,,,,,,,,,,,,,,,,,,,,,,
626,Vijayapura,    Bagewadi,Hebbal,"Temples of Shiv, Ishwara.",,,,,,,,,,,,,,,,,,,,,,,,,,,,,,,,,,,,,,,,,,,,,,,,,,,,,,,,,,,,,,,,,,
627,Vijayapura,    Bagewadi,Ingaleshwar,Ishwara Temple.,,,,,,,,,,,,,,,,,,,,,,,,,,,,,,,,,,,,,,,,,,,,,,,,,,,,,,,,,,,,,,,,,,
628,Vijayapura,    Bagewadi,Ittagi,"Temples of Narayandeva, Siddeshwara And Ananthashayan",,,,,,,,,,,,,,,,,,,,,,,,,,,,,,,,,,,,,,,,,,,,,,,,,,,,,,,,,,,,,,,,,,
629,Vijayapura,    Bagewadi,Kadakola,"Temples of Ramdeva, Rameshwara.",,,,,,,,,,,,,,,,,,,,,,,,,,,,,,,,,,,,,,,,,,,,,,,,,,,,,,,,,,,,,,,,,,
630,Vijayapura,    Bagewadi,Managoli,"Sangameshwara Temple; sculptures of Elephants, lovers of Buddha",,,,,,,,,,,,,,,,,,,,,,,,,,,,,,,,,,,,,,,,,,,,,,,,,,,,,,,,,,,,,,,,,,
631,Vijayapura,    Bagewadi,Muttagi,Ramalinga Temple.,,,,,,,,,,,,,,,,,,,,,,,,,,,,,,,,,,,,,,,,,,,,,,,,,,,,,,,,,,,,,,,,,,
632,Vijayapura,    Bagewadi,Ainapur,"Temples of Hanuman, Ramalinga,Mukteshwara, Lakshmi Narasimha, Lakshminarayana, Kashi Vishweshwara.",,,,,,,,,,,,,,,,,,,,,,,,,,,,,,,,,,,,,,,,,,,,,,,,,,,,,,,,,,,,,,,,,,
633,Vijayapura,    Bagewadi,Ainapur,"Temples of Lingadakatti, Papannashankatti And Ramatirtha.",,,,,,,,,,,,,,,,,,,,,,,,,,,,,,,,,,,,,,,,,,,,,,,,,,,,,,,,,,,,,,,,,,
634,Vijayapura,Vijayapura,Bableshwara,Mallikarjuna Temple.,,,,,,,,,,,,,,,,,,,,,,,,,,,,,,,,,,,,,,,,,,,,,,,,,,,,,,,,,,,,,,,,,,
635,Vijayapura,Vijayapura,Bellubbi,Siddheshwara Temple.,,,,,,,,,,,,,,,,,,,,,,,,,,,,,,,,,,,,,,,,,,,,,,,,,,,,,,,,,,,,,,,,,,
636,Vijayapura,Vijayapura,Kakhandki,Maleswamy Temple.,,,,,,,,,,,,,,,,,,,,,,,,,,,,,,,,,,,,,,,,,,,,,,,,,,,,,,,,,,,,,,,,,,
637,Vijayapura,Vijayapura,Mundapur,"Temples of Mahipatidasa, Mallikarjuna,Sangameshwara, Karaveerabhadra.",,,,,,,,,,,,,,,,,,,,,,,,,,,,,,,,,,,,,,,,,,,,,,,,,,,,,,,,,,,,,,,,,,
638,Vijayapura,Vijayapura,Torvi,"Temples of Bail Hanumantha,Mahalakshmi, Mahalingeshwara,Madivaleshwara, Tomb of Saint Kamal Saheb; Inscription of dams.",,,,,,,,,,,,,,,,,,,,,,,,,,,,,,,,,,,,,,,,,,,,,,,,,,,,,,,,,,,,,,,,,,
639,Vijayapura,Vijayapura,Agarkhed,Chabuk Savarana Darga ,,,,,,,,,,,,,,,,,,,,,,,,,,,,,,,,,,,,,,,,,,,,,,,,,,,,,,,,,,,,,,,,,,
640,Vijayapura,Indi,Dhulkhed,"Shankarlingeshwara Temple, Hemapanthi Temple and Inscription.",,,,,,,,,,,,,,,,,,,,,,,,,,,,,,,,,,,,,,,,,,,,,,,,,,,,,,,,,,,,,,,,,,
641,Vijayapura,Indi,Halsangi,Temple of Shankarlingadeva.,,,,,,,,,,,,,,,,,,,,,,,,,,,,,,,,,,,,,,,,,,,,,,,,,,,,,,,,,,,,,,,,,,
642,Vijayapura,Indi,Horti,"Temples of Narsoba, Amriteshwara.",,,,,,,,,,,,,,,,,,,,,,,,,,,,,,,,,,,,,,,,,,,,,,,,,,,,,,,,,,,,,,,,,,
643,Vijayapura,Indi,Masali B.K.,"Temples of  Siddheshwara, Mallikarjuna,Ishwara.",,,,,,,,,,,,,,,,,,,,,,,,,,,,,,,,,,,,,,,,,,,,,,,,,,,,,,,,,,,,,,,,,,
644,Vijayapura,Indi,Miragi,Durga Temple.,,,,,,,,,,,,,,,,,,,,,,,,,,,,,,,,,,,,,,,,,,,,,,,,,,,,,,,,,,,,,,,,,,
645,Vijayapura,Indi,Nandaragi,Sangameshwara Temple.,,,,,,,,,,,,,,,,,,,,,,,,,,,,,,,,,,,,,,,,,,,,,,,,,,,,,,,,,,,,,,,,,,
646,Vijayapura,Indi,Nimbargi,Eshwara Temple.,,,,,,,,,,,,,,,,,,,,,,,,,,,,,,,,,,,,,,,,,,,,,,,,,,,,,,,,,,,,,,,,,,
647,Vijayapura,Indi,Salotgi,Maruti Temple.,,,,,,,,,,,,,,,,,,,,,,,,,,,,,,,,,,,,,,,,,,,,,,,,,,,,,,,,,,,,,,,,,,
648,Vijayapura,Indi,Tambe,Shivayogeshwara Temple.,,,,,,,,,,,,,,,,,,,,,,,,,,,,,,,,,,,,,,,,,,,,,,,,,,,,,,,,,,,,,,,,,,
649,Vijayapura,Indi,Basarkod,Inscriptions.,,,,,,,,,,,,,,,,,,,,,,,,,,,,,,,,,,,,,,,,,,,,,,,,,,,,,,,,,,,,,,,,,,
650,Vijayapura,Muddebihal,Hirur,"Jain Temple, 2 Shaivite Temples, Two inscriptions.",,,,,,,,,,,,,,,,,,,,,,,,,,,,,,,,,,,,,,,,,,,,,,,,,,,,,,,,,,,,,,,,,,
651,Vijayapura,Muddebihal,Khanapur,Bhageshwara Temple.,,,,,,,,,,,,,,,,,,,,,,,,,,,,,,,,,,,,,,,,,,,,,,,,,,,,,,,,,,,,,,,,,,
652,Vijayapura,Muddebihal,Kuntoji,Mosque and Tomb of Gangappayya.,,,,,,,,,,,,,,,,,,,,,,,,,,,,,,,,,,,,,,,,,,,,,,,,,,,,,,,,,,,,,,,,,,
653,Vijayapura,Muddebihal,Muddebihal,Temples of Bageshwara with worn out Inscriptions.,,,,,,,,,,,,,,,,,,,,,,,,,,,,,,,,,,,,,,,,,,,,,,,,,,,,,,,,,,,,,,,,,,
654,Vijayapura,Muddebihal,Nalatwad,Ishwar Temple.,,,,,,,,,,,,,,,,,,,,,,,,,,,,,,,,,,,,,,,,,,,,,,,,,,,,,,,,,,,,,,,,,,
655,Vijayapura,Muddebihal,Talikote,"Temples of Ishwar, Basavanna and Veerabhadra, Inscriptions.",,,,,,,,,,,,,,,,,,,,,,,,,,,,,,,,,,,,,,,,,,,,,,,,,,,,,,,,,,,,,,,,,,
656,Vijayapura,Muddebihal,Tubgi,"Shiv Temple, Jama Mosque, Panch pir Mosque",,,,,,,,,,,,,,,,,,,,,,,,,,,,,,,,,,,,,,,,,,,,,,,,,,,,,,,,,,,,,,,,,,
657,Vijayapura,Muddebihal,Yelgur,Maruti Temple with Inscriptions.,,,,,,,,,,,,,,,,,,,,,,,,,,,,,,,,,,,,,,,,,,,,,,,,,,,,,,,,,,,,,,,,,,
658,Vijayapura,Muddebihal,Chandkavathe,Hanumanta Temple.,,,,,,,,,,,,,,,,,,,,,,,,,,,,,,,,,,,,,,,,,,,,,,,,,,,,,,,,,,,,,,,,,,
659,Vijayapura,Muddebihal,Chattarki,"Temples of Ramlinga, paramanand Dev.",,,,,,,,,,,,,,,,,,,,,,,,,,,,,,,,,,,,,,,,,,,,,,,,,,,,,,,,,,,,,,,,,,
660,Vijayapura,Muddebihal,Devangaon,Temple of Dattathreya with Inscription.,,,,,,,,,,,,,,,,,,,,,,,,,,,,,,,,,,,,,,,,,,,,,,,,,,,,,,,,,,,,,,,,,,
661,Vijayapura,Muddebihal,Golgeri,"Temples of Kalmeshwara, Mallikarjuna And Shankarlinga",,,,,,,,,,,,,,,,,,,,,,,,,,,,,,,,,,,,,,,,,,,,,,,,,,,,,,,,,,,,,,,,,,
662,Vijayapura,Muddebihal,Hippargi,Temple of Golalishwara.,,,,,,,,,,,,,,,,,,,,,,,,,,,,,,,,,,,,,,,,,,,,,,,,,,,,,,,,,,,,,,,,,,
663,Vijayapura,Muddebihal,Kadlewadi,"Temples of Kalmeshwara, Mallikarjuna,Mallya, Heggappaya, Madivaleshwara.",,,,,,,,,,,,,,,,,,,,,,,,,,,,,,,,,,,,,,,,,,,,,,,,,,,,,,,,,,,,,,,,,,
664,Vijayapura,Muddebihal,Padaganur,"Sangameshwara Temple, Ishwar Temple.",,,,,,,,,,,,,,,,,,,,,,,,,,,,,,,,,,,,,,,,,,,,,,,,,,,,,,,,,,,,,,,,,,
665,Vijayapura,Muddebihal,Sindhi,Ancient Temple in Chalukyan Style.,,,,,,,,,,,,,,,,,,,,,,,,,,,,,,,,,,,,,,,,,,,,,,,,,,,,,,,,,,,,,,,,,,
666,Vijayapura,Muddebihal,Vijayapura ,Temples of  Sangameshwara and Nelaganga.,,,,,,,,,,,,,,,,,,,,,,,,,,,,,,,,,,,,,,,,,,,,,,,,,,,,,,,,,,,,,,,,,,
667,Vijayapura,Vijayapura,Vijayapura ,Tajbavadi (Bavi) ,,,,,,,,,,,,,,,,,,,,,,,,,,,,,,,,,,,,,,,,,,,,,,,,,,,,,,,,,,,,,,,,,,
668,Gadag,Gadag,Alur,Ishwara Temple with inscriptions.,,,,,,,,,,,,,,,,,,,,,,,,,,,,,,,,,,,,,,,,,,,,,,,,,,,,,,,,,,,,,,,,,,
669,Gadag,Gadag,Asundi,Temples of Somappa and Hanuman with Inscriptions.,,,,,,,,,,,,,,,,,,,,,,,,,,,,,,,,,,,,,,,,,,,,,,,,,,,,,,,,,,,,,,,,,,
670,Gadag,Gadag,Bardur,Bharateshwara  Temple with Inscription.,,,,,,,,,,,,,,,,,,,,,,,,,,,,,,,,,,,,,,,,,,,,,,,,,,,,,,,,,,,,,,,,,,
671,Gadag,Gadag,Belaganur,Temple of Virabhadra with Inscription.,,,,,,,,,,,,,,,,,,,,,,,,,,,,,,,,,,,,,,,,,,,,,,,,,,,,,,,,,,,,,,,,,,
672,Gadag,Gadag,Binadkatti,Hanumanta Temple.,,,,,,,,,,,,,,,,,,,,,,,,,,,,,,,,,,,,,,,,,,,,,,,,,,,,,,,,,,,,,,,,,,
673,Gadag,Gadag,Bundur,Maruthi Temple.,,,,,,,,,,,,,,,,,,,,,,,,,,,,,,,,,,,,,,,,,,,,,,,,,,,,,,,,,,,,,,,,,,
674,Gadag,Gadag,Doni,Inscriptions.,,,,,,,,,,,,,,,,,,,,,,,,,,,,,,,,,,,,,,,,,,,,,,,,,,,,,,,,,,,,,,,,,,
675,Gadag,Gadag,Gadag,Veeranarayandevara Gundi.,,,,,,,,,,,,,,,,,,,,,,,,,,,,,,,,,,,,,,,,,,,,,,,,,,,,,,,,,,,,,,,,,,
676,Gadag,Gadag,Galabad,Rameshwara Temple ;  cave.,,,,,,,,,,,,,,,,,,,,,,,,,,,,,,,,,,,,,,,,,,,,,,,,,,,,,,,,,,,,,,,,,,
677,Gadag,Gadag,Gavarwad,Inscription in front of Narayana Temple.,,,,,,,,,,,,,,,,,,,,,,,,,,,,,,,,,,,,,,,,,,,,,,,,,,,,,,,,,,,,,,,,,,
678,Gadag,Gadag,Harti,"Temples of Gramadevata, Maruti ; Mosques.",,,,,,,,,,,,,,,,,,,,,,,,,,,,,,,,,,,,,,,,,,,,,,,,,,,,,,,,,,,,,,,,,,
679,Gadag,Gadag,Huvilgol,Seven Inscriptions.,,,,,,,,,,,,,,,,,,,,,,,,,,,,,,,,,,,,,,,,,,,,,,,,,,,,,,,,,,,,,,,,,,
680,Gadag,Gadag,Ittagi,Inscription in the Temple of Madesh  Linga.,,,,,,,,,,,,,,,,,,,,,,,,,,,,,,,,,,,,,,,,,,,,,,,,,,,,,,,,,,,,,,,,,,
681,Gadag,Gadag,Kakur,Maruti Temple and Inscriptions.,,,,,,,,,,,,,,,,,,,,,,,,,,,,,,,,,,,,,,,,,,,,,,,,,,,,,,,,,,,,,,,,,,
682,Gadag,Gadag,Kalasapur,Jain statue.,,,,,,,,,,,,,,,,,,,,,,,,,,,,,,,,,,,,,,,,,,,,,,,,,,,,,,,,,,,,,,,,,,
683,Gadag,Gadag,Kalasapur,Ishwara Temple.,,,,,,,,,,,,,,,,,,,,,,,,,,,,,,,,,,,,,,,,,,,,,,,,,,,,,,,,,,,,,,,,,,
684,Gadag,Gadag,Kanvi,"Temples of Gramadevate, Hanuman, Makhan.",,,,,,,,,,,,,,,,,,,,,,,,,,,,,,,,,,,,,,,,,,,,,,,,,,,,,,,,,,,,,,,,,,
685,Gadag,Gadag,Kotumachgi,Somappa Temple with 2 Inscriptions.,,,,,,,,,,,,,,,,,,,,,,,,,,,,,,,,,,,,,,,,,,,,,,,,,,,,,,,,,,,,,,,,,,
686,Gadag,Gadag,Kurtkoti,"Temples of Gavareshwara, Keri Basappa Shankarlinga, Virupaksha and Inscriptions.",,,,,,,,,,,,,,,,,,,,,,,,,,,,,,,,,,,,,,,,,,,,,,,,,,,,,,,,,,,,,,,,,,
687,Gadag,Gadag,Mulgund,"5 Brahmanin, 4 Jain Temples; Large rock with unifinshed carving and Inscription.",,,,,,,,,,,,,,,,,,,,,,,,,,,,,,,,,,,,,,,,,,,,,,,,,,,,,,,,,,,,,,,,,,
688,Gadag,Gadag,Nagavi,Mahabaleshwara Temple with Inscriptions.,,,,,,,,,,,,,,,,,,,,,,,,,,,,,,,,,,,,,,,,,,,,,,,,,,,,,,,,,,,,,,,,,,
689,Gadag,Gadag,Neelgund,Narayana Temple.,,,,,,,,,,,,,,,,,,,,,,,,,,,,,,,,,,,,,,,,,,,,,,,,,,,,,,,,,,,,,,,,,,
690,Gadag,Gadag,Shagoti,Kariyammadevi and Gramadevate Temple.,,,,,,,,,,,,,,,,,,,,,,,,,,,,,,,,,,,,,,,,,,,,,,,,,,,,,,,,,,,,,,,,,,
691,Gadag,Gadag,              Sirur,"Temples of Malgi, Ishwara and Torangalla Brahmadev and 4 Inscriptions.",,,,,,,,,,,,,,,,,,,,,,,,,,,,,,,,,,,,,,,,,,,,,,,,,,,,,,,,,,,,,,,,,,
692,Gadag,Gadag,Soratur,Shaivite Temple of Ishwara Maleshwara and Veerabhadra ; Jain Temple ; 5 Inscriptions.,,,,,,,,,,,,,,,,,,,,,,,,,,,,,,,,,,,,,,,,,,,,,,,,,,,,,,,,,,,,,,,,,,
693,Gadag,Gadag,Yalisirur,Tempes of Hanuman and Ishwara with Inscriptions.,,,,,,,,,,,,,,,,,,,,,,,,,,,,,,,,,,,,,,,,,,,,,,,,,,,,,,,,,,,,,,,,,,
694,Gadag,Gadag,Alwandi,Inscription on Ishwara Temple.,,,,,,,,,,,,,,,,,,,,,,,,,,,,,,,,,,,,,,,,,,,,,,,,,,,,,,,,,,,,,,,,,,
695,Gadag,Gadag,Dandapur,"Temples of Venkatesh, Dandeshwara",,,,,,,,,,,,,,,,,,,,,,,,,,,,,,,,,,,,,,,,,,,,,,,,,,,,,,,,,,,,,,,,,,
696,Gadag,Mundaragi,Konnur,Temples of  Parameshwaradeva and Rameshwardeva.,,,,,,,,,,,,,,,,,,,,,,,,,,,,,,,,,,,,,,,,,,,,,,,,,,,,,,,,,,,,,,,,,,
697,Gadag,Naragunda,Nargund,"Fort, Temples of Shankarlinga, Mahabaleshwara, Venkatesha.",,,,,,,,,,,,,,,,,,,,,,,,,,,,,,,,,,,,,,,,,,,,,,,,,,,,,,,,,,,,,,,,,,
698,Gadag,Naragunda,Abbigeri,Black stone Temples of Sri Ishwaradeva and Jotirlingadeva with Inscriptions.,,,,,,,,,,,,,,,,,,,,,,,,,,,,,,,,,,,,,,,,,,,,,,,,,,,,,,,,,,,,,,,,,,
699,Gadag,Naragunda,Gajendragadh,"Temples of Virupaksha, Ramalinga, Pandurangadev, Caves, Tirths; Shirnes of Veerabhadra and Kalkeshwara.",,,,,,,,,,,,,,,,,,,,,,,,,,,,,,,,,,,,,,,,,,,,,,,,,,,,,,,,,,,,,,,,,,
700,Gadag,Rona,Hiremannur,Stone Inscriptions in Maruti Temple.,,,,,,,,,,,,,,,,,,,,,,,,,,,,,,,,,,,,,,,,,,,,,,,,,,,,,,,,,,,,,,,,,,
701,Gadag,Rona,Jakkali,Temples of Kalmeshwara and Siddeshwara With Inscriptions.,,,,,,,,,,,,,,,,,,,,,,,,,,,,,,,,,,,,,,,,,,,,,,,,,,,,,,,,,,,,,,,,,,
702,Gadag,Rona,Kodikop,Inscriptions in Brahmadev Temple.,,,,,,,,,,,,,,,,,,,,,,,,,,,,,,,,,,,,,,,,,,,,,,,,,,,,,,,,,,,,,,,,,,
703,Gadag,Rona,Korvatti,Old Temple with good carving.,,,,,,,,,,,,,,,,,,,,,,,,,,,,,,,,,,,,,,,,,,,,,,,,,,,,,,,,,,,,,,,,,,
704,Gadag,Rona,Naregal,"Temples of Tripurantakeshwara, Someshwaradeva, Kalmeshwaradeva Chandramoulishwaradeva, Narayandeva.",,,,,,,,,,,,,,,,,,,,,,,,,,,,,,,,,,,,,,,,,,,,,,,,,,,,,,,,,,,,,,,,,,
705,Gadag,Rona,Ron,Dronacharya Temple.,,,,,,,,,,,,,,,,,,,,,,,,,,,,,,,,,,,,,,,,,,,,,,,,,,,,,,,,,,,,,,,,,,
706,Gadag,Rona,Savadi,Temple of Brahmadev and Narayanadev.,,,,,,,,,,,,,,,,,,,,,,,,,,,,,,,,,,,,,,,,,,,,,,,,,,,,,,,,,,,,,,,,,,
707,Gadag,Rona,Savadi,Brahameshwara  Temples.,,,,,,,,,,,,,,,,,,,,,,,,,,,,,,,,,,,,,,,,,,,,,,,,,,,,,,,,,,,,,,,,,,
708,Gadag,Rona,Sudi,"3 temples of Basavanna with inscription, Temples of Mallikarjuna, Ishwara And Ganapati.",,,,,,,,,,,,,,,,,,,,,,,,,,,,,,,,,,,,,,,,,,,,,,,,,,,,,,,,,,,,,,,,,,
709,Gadag,Rona,Devihal,Srimantaghada Fort and Holalamma Temple.,,,,,,,,,,,,,,,,,,,,,,,,,,,,,,,,,,,,,,,,,,,,,,,,,,,,,,,,,,,,,,,,,,
710,Gadag,Rona,Lakshmeshwara,"Someshwara,  Lakshmilinga, KodiyallammaTemples; Shanka basadi and Halabasadi,  Kali Masjid ; Inscriptions.",,,,,,,,,,,,,,,,,,,,,,,,,,,,,,,,,,,,,,,,,,,,,,,,,,,,,,,,,,,,,,,,,,
711,Gadag,Rona,Shirahatti,Palace.,,,,,,,,,,,,,,,,,,,,,,,,,,,,,,,,,,,,,,,,,,,,,,,,,,,,,,,,,,,,,,,,,,
712,Belagum,       Athani,        Ainapur,Tomb of pir Kazi.,,,,,,,,,,,,,,,,,,,,,,,,,,,,,,,,,,,,,,,,,,,,,,,,,,,,,,,,,,,,,,,,,,
713,Belagum,       Athani,Athani,"Mud Fort; Temple of Siddeshwara,Amriteshwara, mahadeva; Mosque.",,,,,,,,,,,,,,,,,,,,,,,,,,,,,,,,,,,,,,,,,,,,,,,,,,,,,,,,,,,,,,,,,,
714,Belagum,       Athani,Badgi,Old Jain Temple.,,,,,,,,,,,,,,,,,,,,,,,,,,,,,,,,,,,,,,,,,,,,,,,,,,,,,,,,,,,,,,,,,,
715,Belagum,       Athani,Balligeri,Basaveshwara Temple.,,,,,,,,,,,,,,,,,,,,,,,,,,,,,,,,,,,,,,,,,,,,,,,,,,,,,,,,,,,,,,,,,,
716,Belagum,       Athani,Jungal,Tomb of Muslim Saint.,,,,,,,,,,,,,,,,,,,,,,,,,,,,,,,,,,,,,,,,,,,,,,,,,,,,,,,,,,,,,,,,,,
717,Belagum,       Athani,        Kagwad,Temples of Brahmanatha and Satvai.,,,,,,,,,,,,,,,,,,,,,,,,,,,,,,,,,,,,,,,,,,,,,,,,,,,,,,,,,,,,,,,,,,
718,Belagum,       Athani,Kanmadi,Temples of Haridev and Mallikarjuna;,,,,,,,,,,,,,,,,,,,,,,,,,,,,,,,,,,,,,,,,,,,,,,,,,,,,,,,,,,,,,,,,,,
719,Belagum,       Athani,Kokatnur,Yellamma Temple.,,,,,,,,,,,,,,,,,,,,,,,,,,,,,,,,,,,,,,,,,,,,,,,,,,,,,,,,,,,,,,,,,,
720,Belagum,       Athani,Mangsuli,Martand Temple.,,,,,,,,,,,,,,,,,,,,,,,,,,,,,,,,,,,,,,,,,,,,,,,,,,,,,,,,,,,,,,,,,,
721,Belagum,       Athani,Nandgaon,Fine Temple in ruins.,,,,,,,,,,,,,,,,,,,,,,,,,,,,,,,,,,,,,,,,,,,,,,,,,,,,,,,,,,,,,,,,,,
722,Belagum,       Athani,Parthanahalli,Partheshwara Temple ,,,,,,,,,,,,,,,,,,,,,,,,,,,,,,,,,,,,,,,,,,,,,,,,,,,,,,,,,,,,,,,,,,
723,Belagum,       Athani,Ramtirth,Anandaparvata Hill; Old Rameshwara Temple,,,,,,,,,,,,,,,,,,,,,,,,,,,,,,,,,,,,,,,,,,,,,,,,,,,,,,,,,,,,,,,,,,
724,Belagum,       Athani,Saptasagar,Kasilinga Temple of Black stone.,,,,,,,,,,,,,,,,,,,,,,,,,,,,,,,,,,,,,,,,,,,,,,,,,,,,,,,,,,,,,,,,,,
725,Belagum,       Athani,Savadi,Tomb of Muslim Saint.,,,,,,,,,,,,,,,,,,,,,,,,,,,,,,,,,,,,,,,,,,,,,,,,,,,,,,,,,,,,,,,,,,
726,Belagum,Bailhongal,Shurapali,Narasimha Temple.,,,,,,,,,,,,,,,,,,,,,,,,,,,,,,,,,,,,,,,,,,,,,,,,,,,,,,,,,,,,,,,,,,
727,Belagum,Bailhongal,Degulahalli ,Eswhara Temple ,,,,,,,,,,,,,,,,,,,,,,,,,,,,,,,,,,,,,,,,,,,,,,,,,,,,,,,,,,,,,,,,,,
728,Belagum,Bailhongal,Kittur,"Rani Channamma Palace, Fort and the fort Surroundings.",,,,,,,,,,,,,,,,,,,,,,,,,,,,,,,,,,,,,,,,,,,,,,,,,,,,,,,,,,,,,,,,,,
729,Belagum,Bailhongal,Sivanur,Old Temple and Mounumental stones.,,,,,,,,,,,,,,,,,,,,,,,,,,,,,,,,,,,,,,,,,,,,,,,,,,,,,,,,,,,,,,,,,,
730,Belagum,Bailhongal,Vakkund,"Temples of Mukteshwara, Mallikarjuna,Renuka, Yallamma.",,,,,,,,,,,,,,,,,,,,,,,,,,,,,,,,,,,,,,,,,,,,,,,,,,,,,,,,,,,,,,,,,,
731,Belagum,Belgaum,Bagewadi,Copper plate of 7th Yadava King of Devagiri.,,,,,,,,,,,,,,,,,,,,,,,,,,,,,,,,,,,,,,,,,,,,,,,,,,,,,,,,,,,,,,,,,,
732,Belagum,Belgaum,Belgaum fort,fort,,,,,,,,,,,,,,,,,,,,,,,,,,,,,,,,,,,,,,,,,,,,,,,,,,,,,,,,,,,,,,,,,,
733,Belagum,Belgaum,Chandgad,Temples of Ravalnatha with Persian Insciption,,,,,,,,,,,,,,,,,,,,,,,,,,,,,,,,,,,,,,,,,,,,,,,,,,,,,,,,,,,,,,,,,,
734,Belagum,Belgaum,        Kudchi,Black stone Tomb of Muslim saint.,,,,,,,,,,,,,,,,,,,,,,,,,,,,,,,,,,,,,,,,,,,,,,,,,,,,,,,,,,,,,,,,,,
735,Belagum,Belgaum,Mahipalgadh,Fort.,,,,,,,,,,,,,,,,,,,,,,,,,,,,,,,,,,,,,,,,,,,,,,,,,,,,,,,,,,,,,,,,,,
736,Belagum,Belgaum,Yellurgad,Ruined Fort.,,,,,,,,,,,,,,,,,,,,,,,,,,,,,,,,,,,,,,,,,,,,,,,,,,,,,,,,,,,,,,,,,,
737,Belagum,Chickodi,Kabbur,Ruined Temple of Ishwardev with Inscription; 2 ruined Temple.,,,,,,,,,,,,,,,,,,,,,,,,,,,,,,,,,,,,,,,,,,,,,,,,,,,,,,,,,,,,,,,,,,
738,Belagum,Chickodi,Karoshi,Ghanti Basavanna Temple.,,,,,,,,,,,,,,,,,,,,,,,,,,,,,,,,,,,,,,,,,,,,,,,,,,,,,,,,,,,,,,,,,,
739,Belagum,Chickodi,Nagalaj,Inscription in Maruti Temple,,,,,,,,,,,,,,,,,,,,,,,,,,,,,,,,,,,,,,,,,,,,,,,,,,,,,,,,,,,,,,,,,,
740,Belagum,Chickodi,Nippani,Fort.,,,,,,,,,,,,,,,,,,,,,,,,,,,,,,,,,,,,,,,,,,,,,,,,,,,,,,,,,,,,,,,,,,
741,Belagum,Chickodi,Nippani,Vaishnava Temple of Govindaraj.,,,,,,,,,,,,,,,,,,,,,,,,,,,,,,,,,,,,,,,,,,,,,,,,,,,,,,,,,,,,,,,,,,
742,Belagum,Chickodi,Rasubai hill,Spring and Temples of goddess Rasubai.,,,,,,,,,,,,,,,,,,,,,,,,,,,,,,,,,,,,,,,,,,,,,,,,,,,,,,,,,,,,,,,,,,
743,Belagum,Chickodi,Tavadi,Bharamappa Temple.,,,,,,,,,,,,,,,,,,,,,,,,,,,,,,,,,,,,,,,,,,,,,,,,,,,,,,,,,,,,,,,,,,
744,Belagum,Chickodi,Yadur,Veerabhadra Temple with Inscription.,,,,,,,,,,,,,,,,,,,,,,,,,,,,,,,,,,,,,,,,,,,,,,,,,,,,,,,,,,,,,,,,,,
745,Belagum,Gokak,Anakalgi,"Lakshmi Temple, Mutt of Adavyappaswamy.",,,,,,,,,,,,,,,,,,,,,,,,,,,,,,,,,,,,,,,,,,,,,,,,,,,,,,,,,,,,,,,,,,
746,Belagum,Gokak,Arbhavi,Well (Ornamented with sculpture).,,,,,,,,,,,,,,,,,,,,,,,,,,,,,,,,,,,,,,,,,,,,,,,,,,,,,,,,,,,,,,,,,,
747,Belagum,Gokak,Gokak,"Mahalingeshwara Temple, Basava Temple,Ruins of 4 other Temples; Fort; 2 Mosques.",,,,,,,,,,,,,,,,,,,,,,,,,,,,,,,,,,,,,,,,,,,,,,,,,,,,,,,,,,,,,,,,,,
748,Belagum,Hukkeri,Akkivat,Fort.,,,,,,,,,,,,,,,,,,,,,,,,,,,,,,,,,,,,,,,,,,,,,,,,,,,,,,,,,,,,,,,,,,
749,Belagum,Hukkeri,Hanur,Fort,,,,,,,,,,,,,,,,,,,,,,,,,,,,,,,,,,,,,,,,,,,,,,,,,,,,,,,,,,,,,,,,,,
750,Belagum,Hukkeri,Sankeshwar,Shankarlinga Temple.,,,,,,,,,,,,,,,,,,,,,,,,,,,,,,,,,,,,,,,,,,,,,,,,,,,,,,,,,,,,,,,,,,
751,Belagum,Hukkeri,Vallabhagad,Fort.,,,,,,,,,,,,,,,,,,,,,,,,,,,,,,,,,,,,,,,,,,,,,,,,,,,,,,,,,,,,,,,,,,
752,Belagum,Hukkeri,Yamakanmardi,Fort.,,,,,,,,,,,,,,,,,,,,,,,,,,,,,,,,,,,,,,,,,,,,,,,,,,,,,,,,,,,,,,,,,,
753,Belagum,Khanapur,Asoga,Small Temple of Ramalingadeva.,,,,,,,,,,,,,,,,,,,,,,,,,,,,,,,,,,,,,,,,,,,,,,,,,,,,,,,,,,,,,,,,,,
754,Belagum,Khanapur,Bheemagadh,Fort.,,,,,,,,,,,,,,,,,,,,,,,,,,,,,,,,,,,,,,,,,,,,,,,,,,,,,,,,,,,,,,,,,,
755,Belagum,Khanapur,Bijagarnigud,Remains of Fort called Machigadh or Hanumantagadh.,,,,,,,,,,,,,,,,,,,,,,,,,,,,,,,,,,,,,,,,,,,,,,,,,,,,,,,,,,,,,,,,,,
756,Belagum,Khanapur,Chorlu,Rameshwara Temple.,,,,,,,,,,,,,,,,,,,,,,,,,,,,,,,,,,,,,,,,,,,,,,,,,,,,,,,,,,,,,,,,,,
757,Belagum,Khanapur,Gandharvagadh,Fort.,,,,,,,,,,,,,,,,,,,,,,,,,,,,,,,,,,,,,,,,,,,,,,,,,,,,,,,,,,,,,,,,,,
758,Belagum,Khanapur,Halda,Hatakeshwara Temple.,,,,,,,,,,,,,,,,,,,,,,,,,,,,,,,,,,,,,,,,,,,,,,,,,,,,,,,,,,,,,,,,,,
759,Belagum,Khanapur,Kalanandigadh,Ruined Fort.,,,,,,,,,,,,,,,,,,,,,,,,,,,,,,,,,,,,,,,,,,,,,,,,,,,,,,,,,,,,,,,,,,
760,Belagum,Khanapur,Kunkumbi,Temples of KumKumbeshwara and Mahukidevi.,,,,,,,,,,,,,,,,,,,,,,,,,,,,,,,,,,,,,,,,,,,,,,,,,,,,,,,,,,,,,,,,,,
761,Belagum,Saundatti,Nandagad,Tomb of Sangolli Rayanna and place where Sangolli Rayanna was hanged to death.,,,,,,,,,,,,,,,,,,,,,,,,,,,,,,,,,,,,,,,,,,,,,,,,,,,,,,,,,,,,,,,,,,
762,Belagum,Saundatti,Shamshergadh,Fort.,,,,,,,,,,,,,,,,,,,,,,,,,,,,,,,,,,,,,,,,,,,,,,,,,,,,,,,,,,,,,,,,,,
763,Belagum,Saundatti,Talvarkop,Shankarlinga Temple.,,,,,,,,,,,,,,,,,,,,,,,,,,,,,,,,,,,,,,,,,,,,,,,,,,,,,,,,,,,,,,,,,,
764,Belagum,Saundatti,Parasagadh,Fort.,,,,,,,,,,,,,,,,,,,,,,,,,,,,,,,,,,,,,,,,,,,,,,,,,,,,,,,,,,,,,,,,,,
765,Belagum,Saundatti,        Sirasangi,Kalammadevi Temple.,,,,,,,,,,,,,,,,,,,,,,,,,,,,,,,,,,,,,,,,,,,,,,,,,,,,,,,,,,,,,,,,,,
766,Belagum,Saundatti,Someshwar Hill,Someshwara Temple.,,,,,,,,,,,,,,,,,,,,,,,,,,,,,,,,,,,,,,,,,,,,,,,,,,,,,,,,,,,,,,,,,,
767,Belagum,Saundatti,Ugargol(Yellamma’s hill),Srine of Goddess Yellamma.,,,,,,,,,,,,,,,,,,,,,,,,,,,,,,,,,,,,,,,,,,,,,,,,,,,,,,,,,,,,,,,,,,
768,Belagum,Ramadurga ,Kittatoragal,Bhuthnatha Temple ,,,,,,,,,,,,,,,,,,,,,,,,,,,,,,,,,,,,,,,,,,,,,,,,,,,,,,,,,,,,,,,,,,
,,,,,,,,,,,,,,,,,,,,,,,,,,,,,,,,,,,,,,,,,,,,,,,,,,,,,,,,,,,,,,,,,,,,,,
,,,,,,,,,,,,,,,,,,,,,,,,,,,,,,,,,,,,,,,,,,,,,,,,,,,,,,,,,,,,,,,,,,,,,,
,,,,,,,,,,,,,,,,,,,,,,,,,,,,,,,,,,,,,,,,,,,,,,,,,,,,,,,,,,,,,,,,,,,,,,
,,,,,,,,,,,,,,,,,,,,,,,,,,,,,,,,,,,,,,,,,,,,,,,,,,,,,,,,,,,,,,,,,,,,,,
,,,,,,,,,,,,,,,,,,,,,,,,,,,,,,,,,,,,,,,,,,,,,,,,,,,,,,,,,,,,,,,,,,,,,,
,,,,,,,,,,,,,,,,,,,,,,,,,,,,,,,,,,,,,,,,,,,,,,,,,,,,,,,,,,,,,,,,,,,,,,
,,,,,,,,,,,,,,,,,,,,,,,,,,,,,,,,,,,,,,,,,,,,,,,,,,,,,,,,,,,,,,,,,,,,,,
,,,,,,,,,,,,,,,,,,,,,,,,,,,,,,,,,,,,,,,,,,,,,,,,,,,,,,,,,,,,,,,,,,,,,,
,,,,,,,,,,,,,,,,,,,,,,,,,,,,,,,,,,,,,,,,,,,,,,,,,,,,,,,,,,,,,,,,,,,,,,
,,,,,,,,,,,,,,,,,,,,,,,,,,,,,,,,,,,,,,,,,,,,,,,,,,,,,,,,,,,,,,,,,,,,,,
,,,,,,,,,,,,,,,,,,,,,,,,,,,,,,,,,,,,,,,,,,,,,,,,,,,,,,,,,,,,,,,,,,,,,,
,,,,,,,,,,,,,,,,,,,,,,,,,,,,,,,,,,,,,,,,,,,,,,,,,,,,,,,,,,,,,,,,,,,,,,
,,,,,,,,,,,,,,,,,,,,,,,,,,,,,,,,,,,,,,,,,,,,,,,,,,,,,,,,,,,,,,,,,,,,,,
